date,nb_deputes,nb_senateurs,nb_soutiens
2020-07-03T16:13:45.408845,25,4,114980
2020-07-03T16:16:28.126563,25,4,115154
2020-07-03T16:22:08.880077,25,4,115534
2020-07-03T16:37:08.340763,25,4,116510
2020-07-03T17:12:55.401247,25,4,118901
2020-07-03T17:37:05.042231,25,4,120247
2020-07-03T17:44:06.626234,25,4,120609
2020-07-03T18:14:18.114409,25,4,122413
2020-07-03T18:37:03.383033,25,4,123856
2020-07-03T19:12:17.168495,28,4,125983
2020-07-03T19:36:51.552831,29,4,127525
2020-07-03T20:15:10.123570,29,4,130072
2020-07-03T20:36:46.765455,29,4,131317
2020-07-03T21:12:33.417235,29,4,133208
2020-07-03T21:36:53.670336,29,4,134315
2020-07-03T22:13:01.452963,29,4,135578
2020-07-03T22:37:04.410473,29,4,136206
2020-07-03T23:12:58.928105,29,4,136879
2020-07-03T23:36:58.190936,29,4,137188
2020-07-04T00:36:38.657467,29,4,137676
2020-07-04T01:14:29.976748,29,4,137847
2020-07-04T01:37:05.644617,29,4,137951
2020-07-04T02:14:20.079871,29,4,138083
2020-07-04T02:37:11.760252,29,4,138158
2020-07-04T03:13:19.819476,29,4,138276
2020-07-04T03:36:53.079589,29,4,138364
2020-07-04T04:14:24.160492,29,4,138583
2020-07-04T04:36:56.058286,29,4,138788
2020-07-04T05:12:39.533312,29,4,139346
2020-07-04T05:36:52.702751,29,4,139955
2020-07-04T06:14:51.088854,29,4,141177
2020-07-04T06:37:03.405429,29,4,142120
2020-07-04T07:13:20.974068,29,4,144013
2020-07-04T07:37:03.726299,29,4,145335
2020-07-04T08:14:20.121545,29,4,147454
2020-07-04T08:36:52.172852,29,4,148804
2020-07-04T09:12:55.074961,29,4,151122
2020-07-04T09:36:46.057096,29,4,152648
2020-07-04T10:13:38.699051,29,4,154873
2020-07-04T10:37:12.441431,29,4,156274
2020-07-04T11:12:56.375033,29,4,158399
2020-07-04T11:37:03.204555,29,4,159848
2020-07-04T12:16:58.154871,29,4,162205
2020-07-04T12:36:57.955461,29,4,163306
2020-07-04T13:12:50.448847,29,4,165059
2020-07-04T13:36:52.752456,29,4,166116
2020-07-04T14:14:18.990851,29,4,167581
2020-07-04T14:36:47.820987,29,4,168363
2020-07-04T15:13:07.292962,29,4,169630
2020-07-04T15:37:08.221524,29,4,170421
2020-07-04T16:14:00.302537,29,4,171591
2020-07-04T16:37:04.909535,29,4,172300
2020-07-04T17:13:04.990565,29,4,173346
2020-07-04T17:36:59.853823,29,4,174083
2020-07-04T18:13:50.150220,29,4,175659
2020-07-04T18:36:53.477042,29,4,176517
2020-07-04T19:12:16.425567,29,4,177827
2020-07-04T19:36:50.374274,29,4,178608
2020-07-04T20:15:11.171091,29,4,179832
2020-07-04T20:36:47.780084,29,4,180483
2020-07-04T21:12:34.424584,29,4,181552
2020-07-04T21:37:10.340782,29,4,182239
2020-07-04T22:12:58.814493,29,5,183047
2020-07-04T22:37:03.324382,32,5,183509
2020-07-04T23:12:22.676051,32,5,184006
2020-07-04T23:37:18.389621,32,5,184226
2020-07-05T00:38:34.138443,32,5,184605
2020-07-05T01:14:28.328441,32,5,184750
2020-07-05T01:37:02.935412,32,5,184812
2020-07-05T02:14:27.882967,32,5,184903
2020-07-05T02:36:58.593923,32,5,184946
2020-07-05T03:13:15.249476,32,5,185016
2020-07-05T03:36:50.285169,32,5,185077
2020-07-05T04:14:09.327705,32,5,185179
2020-07-05T04:36:46.078666,32,5,185305
2020-07-05T05:12:35.029091,32,5,185596
2020-07-05T05:37:08.967976,32,5,185878
2020-07-05T06:14:57.559145,32,5,186523
2020-07-05T06:37:09.735146,32,5,187048
2020-07-05T07:13:35.668455,32,5,188086
2020-07-05T07:37:12.011907,32,5,188964
2020-07-05T08:14:19.765536,32,5,190383
2020-07-05T08:36:59.020269,32,5,191252
2020-07-05T09:13:08.748724,32,5,192651
2020-07-05T09:36:45.405532,32,5,193445
2020-07-05T10:13:34.491220,32,5,194586
2020-07-05T10:37:11.322938,32,5,195216
2020-07-05T11:13:00.053635,32,5,196221
2020-07-05T11:37:05.482937,32,5,196817
2020-07-05T12:16:59.742227,32,5,198072
2020-07-05T12:37:02.181349,32,5,198868
2020-07-05T13:12:48.273846,32,5,200183
2020-07-05T13:36:59.877917,32,5,201055
2020-07-05T14:13:47.198667,32,5,202305
2020-07-05T14:37:08.888240,32,5,203025
2020-07-05T15:12:46.252696,32,5,204098
2020-07-05T15:36:47.214070,32,5,204862
2020-07-05T16:14:04.471989,32,5,205924
2020-07-05T16:36:55.315551,32,5,206545
2020-07-05T17:12:57.579551,32,5,207506
2020-07-05T17:37:02.825882,32,5,208180
2020-07-05T18:14:18.551107,32,5,209093
2020-07-05T18:37:00.602160,32,5,209662
2020-07-05T19:12:47.186777,32,5,210581
2020-07-05T19:37:02.653809,32,5,211066
2020-07-05T20:15:14.088309,32,5,212007
2020-07-05T20:36:47.240757,32,5,212510
2020-07-05T21:12:35.395865,32,5,213596
2020-07-05T21:37:15.723092,32,5,214265
2020-07-05T22:13:04.021796,32,5,214978
2020-07-05T22:37:09.127371,32,5,215301
2020-07-05T23:12:24.955259,32,5,215580
2020-07-05T23:37:03.070944,32,5,215702
2020-07-06T00:37:40.874550,32,5,215904
2020-07-06T01:14:31.741007,32,5,215988
2020-07-06T01:37:06.122145,32,5,216026
2020-07-06T02:14:52.444509,32,5,216108
2020-07-06T02:37:05.451688,32,5,216137
2020-07-06T03:13:17.461143,32,5,216194
2020-07-06T03:37:31.625731,32,5,216252
2020-07-06T04:14:19.292449,32,5,216363
2020-07-06T04:36:50.124633,32,5,216478
2020-07-06T05:13:09.001610,32,5,216821
2020-07-06T05:37:24.720345,32,5,217139
2020-07-06T06:15:03.243006,32,5,217726
2020-07-06T06:37:10.927669,32,5,218114
2020-07-06T07:13:42.480697,32,5,219011
2020-07-06T07:37:09.532351,32,5,219518
2020-07-06T08:15:03.315857,32,5,220366
2020-07-06T08:37:10.265872,32,5,220856
2020-07-06T09:13:36.501604,32,5,221665
2020-07-06T09:37:05.324927,32,5,222176
2020-07-06T10:13:27.796599,32,5,222951
2020-07-06T10:37:04.745465,32,5,223395
2020-07-06T11:12:53.941091,32,5,224055
2020-07-06T11:36:57.557432,32,5,224502
2020-07-06T12:17:22.203505,32,7,225254
2020-07-06T12:36:58.473741,35,7,225709
2020-07-06T13:12:55.359966,35,7,226414
2020-07-06T13:36:59.590623,35,7,226842
2020-07-06T14:13:53.958183,35,7,227438
2020-07-06T14:37:00.779034,35,7,227769
2020-07-06T15:13:31.811682,35,7,228306
2020-07-06T15:37:00.976329,35,7,228651
2020-07-06T16:14:24.852617,35,7,229159
2020-07-06T16:38:00.794405,35,7,229471
2020-07-06T17:12:59.027786,35,7,229978
2020-07-06T17:37:01.351914,35,7,230300
2020-07-06T18:14:28.006275,35,7,230916
2020-07-06T18:37:06.240047,35,7,231289
2020-07-06T19:12:35.488359,35,7,231834
2020-07-06T19:37:03.510497,35,7,232200
2020-07-06T20:15:20.410808,35,7,232830
2020-07-06T20:37:05.859649,35,7,233175
2020-07-06T21:12:55.466409,35,7,233709
2020-07-06T21:37:03.102362,35,7,234012
2020-07-06T22:12:48.385247,35,7,234342
2020-07-06T22:36:50.008067,35,7,234486
2020-07-06T23:12:53.849192,35,7,234619
2020-07-06T23:36:47.088280,35,7,234682
2020-07-07T00:37:22.756134,35,7,234795
2020-07-07T01:14:43.813546,35,7,234842
2020-07-07T01:36:55.043942,35,7,234863
2020-07-07T02:14:43.303088,35,7,234897
2020-07-07T02:36:51.136635,35,7,234919
2020-07-07T03:13:10.882154,35,7,234952
2020-07-07T03:36:47.856644,35,7,234986
2020-07-07T04:14:07.690666,35,7,235049
2020-07-07T04:36:42.977464,35,7,235107
2020-07-07T05:13:14.313499,35,7,235270
2020-07-07T05:37:18.100175,35,7,235439
2020-07-07T06:15:00.898750,35,7,235783
2020-07-07T06:36:50.124118,35,7,236097
2020-07-07T07:13:35.520245,35,7,236656
2020-07-07T07:37:11.589237,35,7,237006
2020-07-07T08:14:56.306368,35,7,237574
2020-07-07T08:37:05.756462,35,7,237858
2020-07-07T09:13:24.622242,35,7,238348
2020-07-07T09:37:05.017416,35,7,238693
2020-07-07T10:13:30.367812,35,7,239174
2020-07-07T10:36:51.192961,35,7,239492
2020-07-07T11:12:56.493318,35,7,240071
2020-07-07T11:36:59.919490,35,7,240469
2020-07-07T12:17:17.313778,35,7,241081
2020-07-07T12:37:00.333994,35,7,241299
2020-07-07T13:13:02.929059,35,7,241722
2020-07-07T13:37:15.081139,35,7,241984
2020-07-07T14:33:32.244621,35,7,242656
2020-07-07T14:39:37.295503,35,7,242724
2020-07-07T15:13:11.102631,35,7,243083
2020-07-07T15:36:55.690401,35,7,243324
2020-07-07T16:14:20.488861,35,7,243892
2020-07-07T16:36:49.330354,35,7,244189
2020-07-07T17:13:09.452891,35,7,244579
2020-07-07T17:37:02.520112,35,7,244824
2020-07-07T18:36:51.544879,35,7,245315
2020-07-07T19:12:47.374368,35,7,245710
2020-07-07T19:37:06.856442,35,7,246137
2020-07-07T20:15:08.472073,35,7,246768
2020-07-07T20:36:58.156015,35,7,247072
2020-07-07T21:12:48.665933,35,7,247620
2020-07-07T21:36:58.858938,35,7,247863
2020-07-07T22:12:18.517991,35,7,248149
2020-07-07T22:36:47.588901,35,7,248260
2020-07-07T23:12:39.933173,35,7,248371
2020-07-07T23:36:46.006278,35,7,248426
2020-07-08T00:36:56.344046,35,7,248507
2020-07-08T01:14:45.938636,35,7,248534
2020-07-08T01:36:54.719277,35,7,248558
2020-07-08T02:14:56.629269,35,7,248594
2020-07-08T02:37:04.682107,35,7,248614
2020-07-08T03:13:52.492658,35,7,248646
2020-07-08T03:36:46.181127,35,7,248665
2020-07-08T04:14:07.352198,35,7,248729
2020-07-08T04:36:51.872979,35,7,248801
2020-07-08T05:13:03.727050,35,7,248921
2020-07-08T05:37:12.067450,35,7,249057
2020-07-08T06:15:04.176495,35,7,249340
2020-07-08T06:37:01.778695,35,7,249516
2020-07-08T07:13:46.939770,35,7,249820
2020-07-08T07:37:09.984340,35,7,250079
2020-07-08T08:14:55.205430,35,7,250508
2020-07-08T08:37:17.747251,35,7,250961
2020-07-08T09:13:32.649155,35,7,251598
2020-07-08T09:36:54.753027,35,7,252002
2020-07-08T10:13:52.305680,35,7,252528
2020-07-08T10:37:06.637656,35,7,252822
2020-07-08T11:12:53.478975,35,7,253345
2020-07-08T11:36:55.368889,35,7,253678
2020-07-08T12:17:27.787276,35,7,254188
2020-07-08T12:38:31.443391,35,7,254380
2020-07-08T13:12:58.579178,35,7,254720
2020-07-08T13:37:00.080450,35,7,254986
2020-07-08T14:13:58.294358,35,7,255329
2020-07-08T14:36:49.181309,35,7,255513
2020-07-08T15:13:22.587147,35,7,255785
2020-07-08T15:36:52.732378,37,7,255962
2020-07-08T16:14:15.816233,47,7,256288
2020-07-08T16:36:51.299572,47,7,256461
2020-07-08T17:13:28.588588,47,7,256754
2020-07-08T17:37:03.839529,47,7,256931
2020-07-08T18:14:21.905746,47,7,257264
2020-07-08T18:36:47.992198,47,7,257462
2020-07-08T19:12:34.148194,47,7,257818
2020-07-08T19:36:57.098200,47,7,258084
2020-07-08T20:15:32.632560,47,7,258523
2020-07-08T20:36:48.150410,47,7,258733
2020-07-08T21:12:40.303461,47,7,259145
2020-07-08T21:36:48.904851,47,7,259343
2020-07-08T22:13:06.989428,47,7,259593
2020-07-08T22:36:57.590398,47,7,259706
2020-07-08T23:12:57.416777,47,7,259810
2020-07-08T23:37:04.379102,47,7,259856
2020-07-09T00:37:20.069217,47,7,259928
2020-07-09T01:14:37.751652,47,7,259956
2020-07-09T01:36:47.330185,47,7,259967
2020-07-09T02:15:00.937681,47,7,259994
2020-07-09T02:37:12.756933,47,7,260004
2020-07-09T03:13:31.215963,47,7,260030
2020-07-09T03:37:05.476123,47,7,260049
2020-07-09T04:14:31.370105,47,7,260103
2020-07-09T04:37:06.199775,47,7,260137
2020-07-09T05:13:05.048259,47,7,260245
2020-07-09T05:37:04.349457,47,7,260393
2020-07-09T06:14:49.959795,47,7,260678
2020-07-09T06:37:09.619502,47,7,260911
2020-07-09T07:13:20.361151,47,7,261236
2020-07-09T07:36:54.645437,47,7,261451
2020-07-09T08:14:44.707009,47,7,261813
2020-07-09T08:36:58.135940,47,7,262005
2020-07-09T09:13:31.717698,47,7,262319
2020-07-09T09:36:57.514054,47,7,262510
2020-07-09T10:13:32.426302,47,7,262811
2020-07-09T10:37:07.324325,47,7,262973
2020-07-09T11:12:56.472922,47,7,263330
2020-07-09T11:37:04.303771,47,7,263581
2020-07-09T12:17:29.377701,47,7,263938
2020-07-09T12:37:06.842817,47,7,264126
2020-07-09T13:13:08.028923,47,7,264381
2020-07-09T13:36:47.016536,48,8,264547
2020-07-09T14:14:27.111580,50,8,264794
2020-07-09T14:36:43.908450,50,8,264945
2020-07-09T15:13:32.523209,50,8,265179
2020-07-09T15:36:58.283733,50,8,265353
2020-07-09T16:14:18.301421,50,8,265605
2020-07-09T16:36:48.457763,50,8,265753
2020-07-09T17:13:43.914398,50,8,265967
2020-07-09T17:37:02.188532,50,8,266113
2020-07-09T18:14:37.659868,59,8,266336
2020-07-09T18:36:51.083724,59,8,266507
2020-07-09T19:11:36.389129,59,8,266713
2020-07-09T19:36:55.223649,59,8,266856
2020-07-09T20:15:45.301790,59,8,267115
2020-07-09T20:36:50.920388,59,8,267274
2020-07-09T21:12:59.645443,59,8,267520
2020-07-09T21:37:07.400782,59,8,267729
2020-07-09T22:13:03.323981,59,8,267943
2020-07-09T22:36:52.775449,59,8,268063
2020-07-09T23:12:49.292202,59,8,268183
2020-07-09T23:36:47.738677,59,8,268222
2020-07-10T00:37:59.792673,59,8,268290
2020-07-10T01:14:42.306512,59,8,268311
2020-07-10T01:36:50.005343,59,8,268317
2020-07-10T02:15:06.351301,59,8,268333
2020-07-10T02:37:15.132413,59,8,268343
2020-07-10T03:13:41.484380,59,8,268367
2020-07-10T03:37:19.320149,59,8,268389
2020-07-10T04:14:35.263487,60,8,268435
2020-07-10T04:37:07.941621,60,8,268503
2020-07-10T05:12:57.287963,60,8,268784
2020-07-10T05:37:05.919397,60,8,268988
2020-07-10T06:14:55.417537,60,8,269574
2020-07-10T06:37:03.750407,60,8,272117
2020-07-10T07:13:24.981226,60,8,273044
2020-07-10T07:37:04.725715,60,8,273396
2020-07-10T08:15:21.046466,60,8,273998
2020-07-10T08:36:59.430629,60,8,274329
2020-07-10T09:13:46.625014,60,8,274932
2020-07-10T09:36:54.352492,60,8,275323
2020-07-10T10:13:47.163474,60,8,276788
2020-07-10T10:36:55.595963,60,9,277152
2020-07-10T11:12:52.876267,60,9,277692
2020-07-10T11:36:51.717642,60,9,278029
2020-07-10T12:19:45.835458,60,9,278588
2020-07-10T12:36:54.864603,60,9,278764
2020-07-10T13:13:10.311014,60,9,279117
2020-07-10T13:36:56.830652,60,9,279328
2020-07-10T14:14:38.833141,60,9,279624
2020-07-10T14:36:47.387390,60,9,279787
2020-07-10T15:13:39.698345,60,9,280097
2020-07-10T15:36:57.491696,60,9,280253
2020-07-10T16:14:35.313220,61,9,280529
2020-07-10T16:36:51.123248,61,9,280702
2020-07-10T17:13:12.001841,61,9,281006
2020-07-10T17:36:54.150808,61,9,281176
2020-07-10T18:15:10.235937,61,9,281459
2020-07-10T18:37:06.306466,61,9,281607
2020-07-10T19:12:57.586470,61,9,281867
2020-07-10T19:37:08.752261,61,9,282027
2020-07-10T20:15:30.166852,61,9,282375
2020-07-10T20:36:54.373103,61,9,282566
2020-07-10T21:12:52.808804,61,9,282918
2020-07-10T21:36:57.137887,61,9,283114
2020-07-10T22:12:12.032115,61,9,283350
2020-07-10T22:37:08.442591,61,9,283467
2020-07-10T23:12:58.609617,61,9,283568
2020-07-10T23:37:03.519607,61,9,283627
2020-07-11T00:37:41.363562,61,9,283715
2020-07-11T01:14:53.016283,61,9,283756
2020-07-11T01:37:08.822090,61,9,283776
2020-07-11T02:14:45.089954,61,9,283800
2020-07-11T02:37:04.526750,62,9,283816
2020-07-11T03:13:23.980244,63,9,283844
2020-07-11T03:37:09.395488,63,9,283855
2020-07-11T04:14:36.575707,63,9,283884
2020-07-11T04:36:56.267076,63,9,283915
2020-07-11T05:12:46.595178,63,9,284014
2020-07-11T05:36:52.636253,63,9,284105
2020-07-11T06:37:21.630447,63,9,284530
2020-07-11T07:13:34.584668,63,9,284870
2020-07-11T07:37:13.018731,63,9,285107
2020-07-11T08:14:35.250510,63,9,285513
2020-07-11T08:37:05.298421,63,9,285872
2020-07-11T09:13:25.268228,63,9,286433
2020-07-11T09:37:01.139542,63,9,286725
2020-07-11T10:13:21.311560,63,9,287234
2020-07-11T10:36:58.551188,63,9,287546
2020-07-11T11:12:52.010990,63,9,287987
2020-07-11T11:36:53.959174,63,9,288254
2020-07-11T12:17:10.812773,63,9,288771
2020-07-11T12:36:53.081422,63,9,288994
2020-07-11T13:13:13.977755,63,9,289383
2020-07-11T13:37:23.051214,63,9,289590
2020-07-11T14:14:49.730811,63,9,289903
2020-07-11T14:37:13.829256,63,9,290070
2020-07-11T15:13:29.187766,63,9,290325
2020-07-11T15:37:05.527888,63,9,290489
2020-07-11T16:14:26.721332,63,9,290740
2020-07-11T16:37:02.684839,63,9,290859
2020-07-11T17:12:55.581216,63,9,291113
2020-07-11T17:36:57.590709,63,9,291270
2020-07-11T18:14:11.131650,63,9,291473
2020-07-11T18:36:52.686217,63,9,291622
2020-07-11T19:12:40.761154,63,9,291848
2020-07-11T19:37:23.070904,63,9,292004
2020-07-11T20:15:35.687052,63,9,292212
2020-07-11T20:37:17.815742,63,9,292339
2020-07-11T21:13:07.214644,63,9,292554
2020-07-11T21:37:05.955711,63,9,292659
2020-07-11T22:13:00.112936,63,9,292835
2020-07-11T22:37:05.264401,63,9,292932
2020-07-11T23:12:52.202595,63,9,293028
2020-07-11T23:37:02.791239,63,9,293074
2020-07-12T00:39:36.669291,63,9,293145
2020-07-12T01:14:55.204113,63,9,293175
2020-07-12T01:37:01.816750,63,9,293193
2020-07-12T02:14:54.358957,63,9,293209
2020-07-12T02:36:57.892883,63,9,293219
2020-07-12T03:13:48.948184,63,9,293236
2020-07-12T03:36:59.167065,63,9,293251
2020-07-12T04:14:15.491333,63,9,293275
2020-07-12T04:36:50.580436,63,9,293291
2020-07-12T05:13:10.721364,63,9,293335
2020-07-12T05:37:14.348470,63,9,293405
2020-07-12T06:15:02.486524,63,9,293507
2020-07-12T06:37:11.429349,63,9,293591
2020-07-12T07:13:54.733632,63,9,293791
2020-07-12T07:36:47.686668,63,9,293938
2020-07-12T08:14:45.576438,63,9,294154
2020-07-12T08:36:57.223919,63,9,294283
2020-07-12T09:13:13.609048,63,9,294540
2020-07-12T09:36:49.928123,63,9,294763
2020-07-12T10:13:38.308172,63,9,295000
2020-07-12T10:37:18.109993,63,9,295140
2020-07-12T11:12:59.885314,63,9,295337
2020-07-12T11:37:05.709347,63,9,295470
2020-07-12T12:17:31.707947,63,9,295647
2020-07-12T12:37:09.637438,63,9,295756
2020-07-12T13:12:56.309132,63,9,296000
2020-07-12T13:37:05.013620,63,9,296210
2020-07-12T14:14:17.305735,63,9,296526
2020-07-12T14:36:55.626326,63,9,296691
2020-07-12T15:13:10.796818,63,9,296950
2020-07-12T15:36:50.832791,63,9,297226
2020-07-12T16:14:13.135929,63,9,297597
2020-07-12T16:36:56.820943,63,9,297802
2020-07-12T17:13:05.919398,63,9,298090
2020-07-12T17:37:13.312432,63,9,298262
2020-07-12T18:14:28.429007,63,9,298514
2020-07-12T18:37:10.627008,63,9,298678
2020-07-12T19:12:53.430999,63,9,298918
2020-07-12T19:36:58.510989,63,9,299073
2020-07-12T20:15:16.103571,63,9,299329
2020-07-12T20:36:55.492107,63,9,299477
2020-07-12T21:13:11.306840,63,9,299753
2020-07-12T21:36:49.869332,63,9,299929
2020-07-12T22:13:08.547373,63,9,300146
2020-07-12T22:37:12.002373,63,9,300277
2020-07-12T23:13:03.694599,63,9,300387
2020-07-12T23:37:11.029315,63,9,300426
2020-07-13T00:39:14.923103,63,9,300505
2020-07-13T01:36:53.098219,63,9,300545
2020-07-13T02:15:15.630246,63,9,300566
2020-07-13T02:37:02.104267,63,9,300583
2020-07-13T03:14:05.884289,63,9,300599
2020-07-13T03:37:22.736998,63,9,300622
2020-07-13T04:14:58.636744,63,9,300649
2020-07-13T04:37:07.580128,63,9,300671
2020-07-13T05:22:34.024965,63,9,300780
2020-07-13T06:37:55.687902,63,9,301129
2020-07-13T08:16:08.815644,63,9,302101
2020-07-13T08:36:53.164500,63,9,302323
2020-07-13T09:13:56.860686,63,9,302682
2020-07-13T09:36:55.281927,63,9,302885
2020-07-13T10:13:50.129097,63,9,303228
2020-07-13T10:36:56.969084,63,9,303454
2020-07-13T11:13:12.615742,63,9,303742
2020-07-13T11:36:48.113590,63,9,303921
2020-07-13T12:17:52.334063,63,9,304261
2020-07-13T12:36:49.590065,63,9,304401
2020-07-13T13:13:37.237492,63,9,304611
2020-07-13T13:36:46.263378,63,9,304731
2020-07-13T14:14:44.890351,63,9,304944
2020-07-13T14:36:50.249504,63,9,305046
2020-07-13T15:13:45.427178,63,9,305251
2020-07-13T15:36:49.418837,63,9,305369
2020-07-13T16:14:44.483346,65,9,305567
2020-07-13T16:36:49.613125,65,9,305670
2020-07-13T17:13:38.775675,65,9,305862
2020-07-13T17:36:56.864685,65,9,306002
2020-07-13T18:14:57.862624,65,9,306176
2020-07-13T18:36:53.045383,65,9,306289
2020-07-13T19:13:06.832619,65,9,306449
2020-07-13T19:37:15.976599,65,9,306586
2020-07-13T20:15:46.774683,65,9,307161
2020-07-13T20:37:06.338129,65,9,307434
2020-07-13T21:13:23.484717,65,9,307789
2020-07-13T21:37:04.085543,65,9,307968
2020-07-13T22:13:19.182931,65,9,308185
2020-07-13T22:37:01.440303,65,9,308283
2020-07-13T23:12:54.396068,65,9,308383
2020-07-13T23:36:57.061096,65,9,308431
2020-07-14T00:38:09.394911,65,9,308500
2020-07-14T01:15:23.625875,65,9,308525
2020-07-14T01:37:05.956076,65,9,308541
2020-07-14T02:15:23.021439,65,9,308560
2020-07-14T02:37:03.016313,65,9,308576
2020-07-14T03:13:50.881350,65,9,308604
2020-07-14T03:36:58.134328,65,9,308621
2020-07-14T04:14:20.747213,65,9,308652
2020-07-14T04:36:54.991909,65,9,308695
2020-07-14T05:13:16.779563,65,9,308770
2020-07-14T05:36:54.668347,65,9,308833
2020-07-14T06:15:14.608941,65,9,308989
2020-07-14T06:36:50.609437,65,9,309087
2020-07-14T07:13:40.784158,65,9,309314
2020-07-14T07:37:20.973051,65,9,309482
2020-07-14T08:15:09.054609,65,9,309687
2020-07-14T08:36:57.193355,65,9,309803
2020-07-14T09:14:06.909100,65,9,310021
2020-07-14T09:37:06.791935,65,9,310133
2020-07-14T10:14:11.418053,65,9,310313
2020-07-14T10:36:59.095767,65,9,310402
2020-07-14T11:13:15.559613,65,9,310537
2020-07-14T11:36:59.792314,65,9,310640
2020-07-14T12:17:51.374055,65,9,310826
2020-07-14T12:36:57.790766,65,9,310915
2020-07-14T13:13:19.416855,65,9,311076
2020-07-14T13:36:59.243787,65,9,311169
2020-07-14T14:38:46.903410,65,9,311362
2020-07-14T15:13:50.863137,65,9,311475
2020-07-14T15:36:53.571861,65,9,311560
2020-07-14T16:14:27.753418,65,9,311695
2020-07-14T16:37:00.153225,65,9,311760
2020-07-14T17:13:20.704624,65,9,311889
2020-07-14T17:36:57.981435,65,9,312154
2020-07-14T18:14:48.663864,65,9,312500
2020-07-14T18:36:53.279943,65,9,312668
2020-07-14T19:12:49.188713,65,9,312981
2020-07-14T19:36:50.263964,65,9,313151
2020-07-14T20:16:53.371575,65,9,313411
2020-07-14T20:36:53.235363,65,9,313533
2020-07-14T21:11:51.411298,65,9,313769
2020-07-14T21:36:52.689832,65,9,313896
2020-07-14T22:13:15.364563,65,9,314055
2020-07-14T22:37:19.035271,65,9,314115
2020-07-14T23:13:20.073995,65,9,314173
2020-07-14T23:36:59.443233,65,9,314198
2020-07-15T00:38:55.168569,65,9,314248
2020-07-15T01:15:17.215495,65,9,314265
2020-07-15T01:36:55.998466,65,9,314272
2020-07-15T02:15:19.320503,65,9,314279
2020-07-15T02:36:54.743115,65,9,314287
2020-07-15T03:13:45.782834,65,9,314299
2020-07-15T03:36:54.150063,65,9,314306
2020-07-15T04:14:45.755655,65,9,314328
2020-07-15T04:36:50.489875,65,9,314348
2020-07-15T05:13:09.435037,65,9,314396
2020-07-15T05:37:18.230355,65,9,314443
2020-07-15T06:15:39.939197,65,9,314562
2020-07-15T06:36:53.073375,65,9,314634
2020-07-15T07:14:07.541274,65,9,314750
2020-07-15T07:36:55.943605,65,9,314843
2020-07-15T08:15:10.020071,65,9,314998
2020-07-15T08:36:51.408460,65,9,315085
2020-07-15T09:14:04.715866,65,9,315214
2020-07-15T09:36:53.060642,65,9,315293
2020-07-15T10:14:00.743224,65,9,315404
2020-07-15T10:37:17.032044,65,9,315494
2020-07-15T11:13:20.426240,69,9,315635
2020-07-15T11:37:00.879918,69,9,315728
2020-07-15T12:17:53.911964,69,9,315906
2020-07-15T12:37:07.117327,69,9,315966
2020-07-15T13:13:36.847406,69,9,316109
2020-07-15T13:37:07.934296,69,9,316247
2020-07-15T14:15:01.078501,69,9,316395
2020-07-15T14:36:49.481587,69,9,316475
2020-07-15T15:13:33.677902,69,9,316629
2020-07-15T15:37:00.465967,69,9,316735
2020-07-15T16:14:17.871683,76,9,316889
2020-07-15T16:36:57.941661,88,9,316975
2020-07-15T17:13:24.495915,88,9,317159
2020-07-15T17:37:01.154047,88,9,317267
2020-07-15T18:14:49.912260,88,9,317446
2020-07-15T18:37:02.887425,88,9,317581
2020-07-15T19:12:13.360224,88,9,317760
2020-07-15T19:36:49.528457,88,9,317957
2020-07-15T20:14:58.465460,88,9,318795
2020-07-15T20:36:49.021986,88,9,319158
2020-07-15T21:13:14.070650,88,9,319693
2020-07-15T21:36:50.198201,88,9,319938
2020-07-15T22:13:36.166474,88,9,320253
2020-07-15T22:37:03.443976,88,9,320376
2020-07-15T23:12:44.781227,88,9,320478
2020-07-15T23:36:46.710618,88,9,320514
2020-07-16T00:38:38.543983,88,9,320577
2020-07-16T01:15:26.727762,88,9,320607
2020-07-16T01:36:45.614155,88,9,320623
2020-07-16T02:15:25.254699,88,9,320653
2020-07-16T02:36:48.241322,88,9,320667
2020-07-16T03:14:00.768610,88,9,320686
2020-07-16T03:37:07.945724,88,9,320705
2020-07-16T04:14:49.887928,88,9,320761
2020-07-16T04:36:57.457018,88,9,320814
2020-07-16T05:13:48.652760,88,9,320945
2020-07-16T05:36:57.155577,88,9,321066
2020-07-16T06:15:17.875233,88,9,321326
2020-07-16T06:36:57.643472,88,9,321488
2020-07-16T07:13:49.776732,88,9,321770
2020-07-16T07:36:53.609009,88,9,321921
2020-07-16T08:15:16.810627,88,9,322184
2020-07-16T08:36:52.903164,88,9,322307
2020-07-16T09:14:04.315467,88,9,322548
2020-07-16T09:36:49.861070,88,9,322669
2020-07-16T10:13:48.249626,88,9,323790
2020-07-16T10:36:56.476045,88,9,324673
2020-07-16T11:13:07.501690,88,9,325810
2020-07-16T11:36:45.242379,88,9,326542
2020-07-16T12:18:04.869526,88,9,328057
2020-07-16T12:36:44.618117,88,9,328576
2020-07-16T13:13:38.174359,90,9,329680
2020-07-16T13:36:50.034825,90,9,330202
2020-07-16T14:14:45.680066,90,9,330870
2020-07-16T14:36:51.836994,90,9,331225
2020-07-16T15:14:00.945041,90,9,331775
2020-07-16T15:37:11.472407,91,9,332125
2020-07-16T16:14:44.760301,96,9,332729
2020-07-16T16:37:05.472696,96,9,333050
2020-07-16T17:13:55.843660,96,9,333527
2020-07-16T17:36:45.935695,96,9,333846
2020-07-16T18:14:44.232262,96,9,334322
2020-07-16T18:37:03.315286,96,9,334605
2020-07-16T19:12:49.172591,96,9,335054
2020-07-16T19:36:52.412177,96,9,335360
2020-07-16T20:15:45.484463,96,9,335888
2020-07-16T20:36:55.019302,96,9,336152
2020-07-16T21:13:28.731100,96,9,336658
2020-07-16T21:36:47.626468,96,9,336938
2020-07-16T22:13:30.195237,96,9,337276
2020-07-16T22:37:11.895134,96,9,337421
2020-07-16T23:13:23.063771,96,9,337563
2020-07-16T23:36:56.616716,96,9,337625
2020-07-17T00:39:04.928064,96,9,337750
2020-07-17T01:15:26.034315,96,9,337789
2020-07-17T01:37:05.176772,96,9,337803
2020-07-17T02:15:25.862398,96,9,337835
2020-07-17T02:37:04.296424,96,9,337854
2020-07-17T03:13:58.592329,96,9,337885
2020-07-17T03:37:00.610674,96,9,337906
2020-07-17T04:14:53.052697,96,9,337953
2020-07-17T04:36:57.588962,96,9,338005
2020-07-17T05:13:49.341715,96,9,338122
2020-07-17T05:36:56.673083,96,9,338247
2020-07-17T06:15:19.411647,96,9,338464
2020-07-17T06:37:04.031305,96,9,338623
2020-07-17T07:14:11.394466,96,9,338909
2020-07-17T07:36:52.895034,96,9,339108
2020-07-17T08:15:43.833107,96,9,339446
2020-07-17T08:36:50.602924,96,9,339617
2020-07-17T09:13:43.828008,96,9,339948
2020-07-17T09:37:02.266215,96,9,340173
2020-07-17T10:14:07.681820,96,9,340505
2020-07-17T10:36:52.758627,96,9,340699
2020-07-17T11:13:06.946270,96,9,341010
2020-07-17T11:36:45.070789,96,9,341180
2020-07-17T12:20:44.005715,96,9,341494
2020-07-17T12:36:51.594336,96,9,341616
2020-07-17T13:13:34.533326,96,9,341836
2020-07-17T13:36:53.489330,96,9,341992
2020-07-17T14:14:53.679996,96,9,342261
2020-07-17T14:36:53.053837,96,9,342370
2020-07-17T15:13:48.441393,96,9,342543
2020-07-17T15:36:44.116449,96,9,342685
2020-07-17T16:14:42.317206,96,9,342873
2020-07-17T16:36:51.052098,96,9,342985
2020-07-17T17:13:34.519857,96,9,343180
2020-07-17T17:36:45.012635,96,9,343287
2020-07-17T18:14:13.560369,96,9,343470
2020-07-17T18:36:51.348006,96,9,343569
2020-07-17T19:12:59.633005,96,9,343766
2020-07-17T19:37:05.272360,96,9,343870
2020-07-17T20:15:57.844950,96,9,344061
2020-07-17T20:36:44.937285,96,9,344160
2020-07-17T21:12:33.285910,96,9,344350
2020-07-17T21:36:49.256691,96,9,344417
2020-07-17T22:13:31.136451,96,9,344571
2020-07-17T22:37:08.542036,96,9,344642
2020-07-17T23:13:20.224758,96,9,344715
2020-07-17T23:37:04.476392,96,9,344742
2020-07-18T00:38:44.941943,96,9,344802
2020-07-18T01:15:03.823609,96,9,344832
2020-07-18T01:36:47.473067,96,9,344843
2020-07-18T02:15:28.033127,96,9,344854
2020-07-18T02:36:58.844814,96,9,344857
2020-07-18T03:13:55.144792,96,9,344871
2020-07-18T03:37:08.042079,96,9,344881
2020-07-18T04:14:49.115595,96,9,344897
2020-07-18T04:37:06.931134,96,9,344911
2020-07-18T05:13:17.732076,96,9,344966
2020-07-18T05:36:58.913043,96,9,345013
2020-07-18T06:15:16.331165,96,9,345115
2020-07-18T06:36:54.253011,96,9,345189
2020-07-18T07:13:42.917454,96,9,345354
2020-07-18T07:36:52.710361,96,9,345470
2020-07-18T09:13:33.600294,96,9,345929
2020-07-18T09:36:49.524602,96,9,346017
2020-07-18T10:13:57.249494,96,9,346168
2020-07-18T10:37:05.122702,96,9,346263
2020-07-18T11:13:30.140519,96,9,346423
2020-07-18T11:36:57.901001,96,9,346516
2020-07-18T12:17:53.629888,96,9,346705
2020-07-18T12:36:59.440828,96,9,346787
2020-07-18T13:13:17.113826,96,9,346930
2020-07-18T13:36:51.434856,96,9,347000
2020-07-18T14:14:15.521484,96,9,347108
2020-07-18T14:36:50.804398,96,9,347178
2020-07-18T15:13:37.022386,96,9,347295
2020-07-18T15:36:47.545134,96,9,347375
2020-07-18T16:14:39.337094,96,9,347479
2020-07-18T16:37:39.882250,96,9,347538
2020-07-18T17:13:29.060270,96,9,347658
2020-07-18T17:37:07.098137,96,9,347719
2020-07-18T18:15:02.658560,96,9,347809
2020-07-18T18:37:16.983426,96,9,347857
2020-07-18T19:12:53.487987,96,9,347959
2020-07-18T19:37:00.636563,97,10,348018
2020-07-18T20:15:24.883553,97,10,348131
2020-07-18T20:37:05.289154,97,10,348191
2020-07-18T21:13:15.611568,97,10,348300
2020-07-18T21:36:52.074183,97,10,348387
2020-07-18T22:13:09.588255,97,10,348459
2020-07-18T22:36:49.184207,97,10,348503
2020-07-18T23:13:02.268507,97,10,348555
2020-07-18T23:36:42.682578,97,10,348582
2020-07-19T00:40:51.977864,97,10,348630
2020-07-19T01:14:45.947878,97,10,348647
2020-07-19T01:36:48.931988,97,10,348650
2020-07-19T02:15:40.723186,97,10,348661
2020-07-19T02:36:59.204782,97,10,348665
2020-07-19T03:14:07.196303,97,10,348675
2020-07-19T03:36:45.473670,97,10,348678
2020-07-19T04:14:36.223222,97,10,348684
2020-07-19T04:36:47.324998,97,10,348689
2020-07-19T05:13:27.126159,97,10,348710
2020-07-19T05:37:02.597798,97,10,348725
2020-07-19T06:15:30.737440,97,10,348801
2020-07-19T06:37:00.496400,97,10,348852
2020-07-19T07:14:23.141891,97,10,348961
2020-07-19T07:36:57.086713,97,10,349166
2020-07-19T08:14:49.785708,97,10,349504
2020-07-19T08:36:53.671319,97,10,349711
2020-07-19T09:13:45.225682,97,10,350039
2020-07-19T09:36:53.988778,97,10,350243
2020-07-19T10:13:38.971225,97,10,350520
2020-07-19T10:36:46.054227,97,10,350682
2020-07-19T11:13:08.856226,97,10,350960
2020-07-19T11:37:10.004653,97,10,351114
2020-07-19T12:18:05.095448,97,10,351333
2020-07-19T12:36:40.807091,97,10,351428
2020-07-19T13:13:27.452528,97,10,351618
2020-07-19T13:37:03.395905,97,10,351730
2020-07-19T14:14:59.779669,97,10,351949
2020-07-19T14:36:59.230691,97,10,352090
2020-07-19T15:37:01.944808,97,10,352390
2020-07-19T16:14:16.980540,97,10,352578
2020-07-19T16:36:59.327298,97,10,352682
2020-07-19T17:13:15.495884,97,11,352858
2020-07-19T17:36:47.982287,97,11,352989
2020-07-19T18:14:39.341419,97,11,353159
2020-07-19T18:36:44.076388,97,11,353260
2020-07-19T19:13:07.351384,97,11,353435
2020-07-19T19:37:09.276329,97,11,353544
2020-07-19T20:15:34.657427,97,11,353722
2020-07-19T20:36:46.174962,97,11,353851
2020-07-19T21:13:29.331313,97,11,354043
2020-07-19T21:37:04.134706,97,11,354170
2020-07-19T22:13:21.248792,97,11,354311
2020-07-19T22:36:58.674809,97,11,354361
2020-07-19T23:13:19.920675,97,11,354427
2020-07-19T23:36:55.176338,97,11,354456
2020-07-20T00:40:08.374688,97,11,354486
2020-07-20T01:15:28.650245,97,11,354498
2020-07-20T01:36:51.561667,97,11,354509
2020-07-20T02:15:55.005633,97,11,354516
2020-07-20T02:37:01.708132,97,11,354520
2020-07-20T03:14:17.894624,97,11,354526
2020-07-20T03:36:56.272034,97,11,354533
2020-07-20T04:15:11.565554,97,11,354552
2020-07-20T04:36:57.498449,97,11,354564
2020-07-20T05:13:37.199813,97,11,354612
2020-07-20T05:36:47.146226,97,11,354649
2020-07-20T06:15:36.982756,97,11,354772
2020-07-20T06:36:47.747707,97,11,354872
2020-07-20T07:14:27.710741,97,11,355135
2020-07-20T07:37:05.965271,97,11,355256
2020-07-20T08:15:59.482873,97,11,355702
2020-07-20T08:36:55.357137,97,11,356140
2020-07-20T09:14:33.301938,97,11,356751
2020-07-20T09:36:59.703483,97,11,357069
2020-07-20T10:14:47.070932,97,11,357550
2020-07-20T10:36:52.506461,97,11,357821
2020-07-20T11:13:16.258990,97,11,358225
2020-07-20T11:36:51.617918,97,11,358478
2020-07-20T12:18:04.924370,97,11,358900
2020-07-20T12:36:52.773409,97,11,359065
2020-07-20T13:13:45.323324,97,11,359325
2020-07-20T13:37:28.560531,97,11,359501
2020-07-20T14:15:23.669938,97,11,359742
2020-07-20T14:36:47.044892,97,11,359871
2020-07-20T15:13:22.782337,97,11,360114
2020-07-20T15:37:04.328287,97,11,360246
2020-07-20T16:14:53.876059,97,11,360491
2020-07-20T16:36:57.823611,97,11,360639
2020-07-20T17:14:55.090275,97,11,360881
2020-07-20T17:36:54.209459,97,11,361023
2020-07-20T18:15:18.907209,97,11,361211
2020-07-20T18:36:57.580058,97,11,361326
2020-07-20T19:13:28.603496,97,11,361551
2020-07-20T19:37:02.116743,97,11,361700
2020-07-20T20:15:53.082848,97,11,361942
2020-07-20T20:36:58.776721,97,11,362102
2020-07-20T21:13:45.093298,97,11,362380
2020-07-20T21:36:58.960667,97,11,362533
2020-07-20T22:13:21.602084,97,11,362733
2020-07-20T22:36:53.815035,97,11,362817
2020-07-20T23:13:16.514441,97,11,362925
2020-07-20T23:37:05.129633,97,11,362973
2020-07-21T00:39:35.539202,97,11,363035
2020-07-21T01:15:33.231829,97,11,363058
2020-07-21T01:37:05.787449,97,11,363065
2020-07-21T02:16:01.829887,97,11,363079
2020-07-21T02:37:07.664176,97,11,363094
2020-07-21T03:14:23.979323,97,11,363107
2020-07-21T03:37:02.945264,97,11,363115
2020-07-21T04:15:19.260444,97,11,363144
2020-07-21T04:37:00.181148,97,11,363168
2020-07-21T05:13:48.044714,97,11,363232
2020-07-21T05:36:57.341629,97,11,363298
2020-07-21T06:15:23.613986,97,11,363456
2020-07-21T06:36:56.647190,97,11,363544
2020-07-21T07:14:19.215711,97,11,363720
2020-07-21T07:36:56.468133,97,11,363851
2020-07-21T08:15:47.850757,98,12,364094
2020-07-21T08:37:23.300947,98,12,364214
2020-07-21T09:14:46.870859,98,12,364383
2020-07-21T09:37:01.710801,98,12,364483
2020-07-21T10:14:23.877876,98,12,364618
2020-07-21T10:37:04.412928,98,12,364728
2020-07-21T11:13:36.849842,98,12,364951
2020-07-21T11:36:42.434465,98,12,365092
2020-07-21T12:18:20.170736,98,12,365352
2020-07-21T12:36:51.585767,98,12,365451
2020-07-21T13:13:44.144728,98,12,365605
2020-07-21T13:37:14.064009,97,12,365697
2020-07-21T14:15:32.163257,97,12,365897
2020-07-21T14:36:58.628692,97,12,366002
2020-07-21T15:14:09.494193,97,12,366216
2020-07-21T15:36:54.328775,97,12,366343
2020-07-21T16:14:50.742680,101,13,366554
2020-07-21T16:36:52.228859,101,13,366665
2020-07-21T17:13:40.712993,101,13,366821
2020-07-21T17:36:55.109097,101,13,366915
2020-07-21T18:14:17.743430,101,13,367072
2020-07-21T18:37:10.691320,101,13,367163
2020-07-21T19:13:31.675630,101,13,367320
2020-07-21T19:36:50.703269,101,13,367408
2020-07-21T20:15:44.182524,101,13,367567
2020-07-21T20:36:53.326803,101,13,367677
2020-07-21T21:13:37.694780,101,13,367814
2020-07-21T21:36:44.843693,101,13,367904
2020-07-21T22:13:36.770154,101,13,368011
2020-07-21T22:36:45.162360,101,13,368054
2020-07-21T23:13:35.757131,101,13,368097
2020-07-21T23:36:43.163491,101,13,368124
2020-07-22T00:39:55.714102,101,13,368147
2020-07-22T01:15:27.724854,101,13,368159
2020-07-22T01:36:57.108982,101,13,368168
2020-07-22T02:15:48.241863,101,13,368178
2020-07-22T02:36:56.581934,101,13,368181
2020-07-22T03:14:17.707103,101,13,368196
2020-07-22T03:36:54.299019,101,13,368200
2020-07-22T04:15:13.964109,101,13,368218
2020-07-22T04:37:02.529778,101,13,368231
2020-07-22T05:13:41.969104,101,13,368270
2020-07-22T05:36:50.549499,101,13,368324
2020-07-22T06:15:43.302943,101,13,368430
2020-07-22T06:36:51.586907,101,13,368496
2020-07-22T07:14:14.912889,101,13,368644
2020-07-22T07:36:51.142935,101,13,368740
2020-07-22T08:15:48.715102,101,13,368897
2020-07-22T08:36:57.427363,101,13,369015
2020-07-22T09:14:24.574987,101,13,369201
2020-07-22T09:36:57.218911,101,13,369314
2020-07-22T10:14:23.989176,101,13,369445
2020-07-22T10:37:00.645631,101,13,369527
2020-07-22T11:13:42.769224,101,13,369675
2020-07-22T11:36:56.763727,101,13,369784
2020-07-22T12:18:19.670374,101,13,369939
2020-07-22T12:38:01.895083,101,13,370026
2020-07-22T13:13:48.585503,101,13,370148
2020-07-22T13:36:56.935303,101,13,370227
2020-07-22T14:15:36.256680,101,13,370332
2020-07-22T14:36:46.853962,101,13,370394
2020-07-22T15:14:12.760796,101,13,370488
2020-07-22T15:36:49.979935,101,13,370563
2020-07-22T16:14:46.691323,101,13,370675
2020-07-22T16:36:55.519614,101,13,370752
2020-07-22T17:14:01.297441,101,13,370910
2020-07-22T17:37:03.461524,101,13,371009
2020-07-22T18:15:00.729832,101,13,371173
2020-07-22T18:37:10.784757,101,13,371259
2020-07-22T19:13:31.437145,101,13,371415
2020-07-22T19:37:05.086219,101,13,371508
2020-07-22T20:16:04.090873,101,13,371667
2020-07-22T20:37:06.668035,101,13,371752
2020-07-22T21:13:56.214360,101,13,371901
2020-07-22T21:36:57.351143,101,13,371992
2020-07-22T22:13:52.680096,101,13,372087
2020-07-22T22:37:01.367524,101,13,372136
2020-07-22T23:13:27.966811,101,13,372176
2020-07-22T23:37:03.661213,101,13,372189
2020-07-23T00:40:13.929302,101,13,372214
2020-07-23T01:15:47.992980,101,13,372222
2020-07-23T01:36:40.332361,101,13,372227
2020-07-23T02:16:02.725817,101,13,372244
2020-07-23T02:37:11.808742,101,13,372252
2020-07-23T03:14:30.869473,101,13,372257
2020-07-23T03:37:08.034715,101,13,372264
2020-07-23T04:15:31.667494,101,13,372277
2020-07-23T04:37:06.074604,101,13,372289
2020-07-23T05:14:38.210295,101,13,372330
2020-07-23T05:37:04.529031,101,13,372366
2020-07-23T06:15:52.727313,101,13,372452
2020-07-23T06:37:02.874278,101,13,372515
2020-07-23T07:14:37.917638,101,13,372618
2020-07-23T07:37:03.648972,101,13,372686
2020-07-23T08:15:56.687170,101,13,372804
2020-07-23T08:37:04.227960,101,13,372872
2020-07-23T09:14:39.401025,101,13,372973
2020-07-23T09:37:02.457019,101,13,373041
2020-07-23T10:14:54.814406,101,13,373142
2020-07-23T10:37:06.082424,101,13,373195
2020-07-23T11:13:58.310602,101,13,373277
2020-07-23T11:36:45.536403,101,13,373339
2020-07-23T12:18:28.032139,101,13,373460
2020-07-23T12:37:14.626911,101,13,373501
2020-07-23T13:14:02.035300,101,13,373581
2020-07-23T13:37:03.589647,101,13,373640
2020-07-23T14:15:47.301561,101,13,373746
2020-07-23T14:36:49.715553,101,13,373816
2020-07-23T15:14:29.803219,101,13,373905
2020-07-23T15:36:58.474989,101,13,373962
2020-07-23T16:15:25.172094,101,13,374047
2020-07-23T16:36:46.288700,101,13,374104
2020-07-23T17:14:34.324568,101,13,374194
2020-07-23T17:36:53.924753,101,13,374255
2020-07-23T18:15:27.279866,101,13,374332
2020-07-23T18:37:00.196419,101,13,374387
2020-07-23T19:13:46.367229,101,13,374473
2020-07-23T19:36:56.011785,101,13,374545
2020-07-23T20:16:07.945038,101,13,374779
2020-07-23T20:36:50.463511,101,13,374857
2020-07-23T21:14:00.033749,101,13,374996
2020-07-23T21:37:02.031323,103,13,375063
2020-07-23T22:13:59.374982,103,13,375141
2020-07-23T22:37:03.824395,103,13,375179
2020-07-23T23:13:24.963346,103,13,375215
2020-07-23T23:36:58.789238,103,13,375227
2020-07-24T00:40:54.017688,103,13,375247
2020-07-24T01:16:04.071276,103,13,375254
2020-07-24T01:36:47.953229,103,13,375258
2020-07-24T02:16:28.326733,103,13,375264
2020-07-24T02:37:04.359875,103,13,375268
2020-07-24T03:14:26.574895,103,13,375279
2020-07-24T03:36:51.840132,103,13,375286
2020-07-24T04:15:25.394331,103,13,375305
2020-07-24T04:37:00.918015,103,13,375321
2020-07-24T05:14:18.571604,103,13,375374
2020-07-24T05:36:57.924623,103,13,375416
2020-07-24T06:16:00.704381,103,13,375515
2020-07-24T06:36:53.276471,103,13,375555
2020-07-24T07:14:42.361364,103,13,375649
2020-07-24T07:36:55.073467,103,13,375733
2020-07-24T08:16:26.718839,103,13,375883
2020-07-24T08:36:56.491642,103,13,375964
2020-07-24T09:14:12.370321,103,13,376079
2020-07-24T09:36:48.187882,103,13,376138
2020-07-24T10:14:39.825759,103,13,376235
2020-07-24T10:36:52.035125,103,13,376310
2020-07-24T11:13:35.316179,103,13,376416
2020-07-24T11:36:42.732524,103,13,376476
2020-07-24T12:20:42.701537,103,13,376617
2020-07-24T12:36:51.972399,103,13,376659
2020-07-24T13:14:06.464275,103,13,376748
2020-07-24T13:36:49.180639,103,13,376833
2020-07-24T14:15:16.223643,103,13,376998
2020-07-24T14:38:39.050631,103,13,377084
2020-07-24T15:14:05.581947,103,13,377206
2020-07-24T15:36:44.925698,103,13,377283
2020-07-24T16:15:27.753758,103,13,377413
2020-07-24T16:36:45.717169,103,13,377470
2020-07-24T17:14:20.857382,103,13,377563
2020-07-24T17:37:03.219347,103,13,377616
2020-07-24T18:15:14.181145,103,13,377697
2020-07-24T18:36:51.332525,103,13,377737
2020-07-24T19:13:40.251278,103,13,377817
2020-07-24T19:36:52.932549,103,13,377887
2020-07-24T20:16:11.746688,103,13,377977
2020-07-24T20:36:49.347931,103,13,378052
2020-07-24T21:13:44.327331,103,13,378163
2020-07-24T21:36:44.268231,103,13,378224
2020-07-24T22:14:01.985176,103,13,378314
2020-07-24T22:36:43.601835,103,13,378354
2020-07-24T23:13:33.178401,103,13,378396
2020-07-24T23:37:05.984920,103,13,378423
2020-07-25T00:40:48.590425,103,13,378449
2020-07-25T01:15:35.736737,103,13,378453
2020-07-25T01:36:43.394417,103,13,378460
2020-07-25T02:16:04.457501,103,13,378467
2020-07-25T02:37:14.767323,103,13,378474
2020-07-25T03:14:34.037620,103,13,378477
2020-07-25T03:37:01.630353,103,13,378482
2020-07-25T04:15:28.737683,103,13,378493
2020-07-25T04:37:02.191076,103,13,378503
2020-07-25T05:13:53.714574,103,13,378531
2020-07-25T05:36:57.855811,103,13,378557
2020-07-25T06:15:49.944398,103,13,378625
2020-07-25T06:37:05.728112,103,13,378676
2020-07-25T07:14:17.227356,103,13,378797
2020-07-25T07:37:00.278501,103,13,378969
2020-07-25T08:15:13.568867,103,13,379537
2020-07-25T08:36:51.288340,103,13,379782
2020-07-25T09:14:15.163833,103,13,380182
2020-07-25T09:36:43.252831,103,13,380418
2020-07-25T10:14:32.860037,103,13,380759
2020-07-25T10:36:43.532336,103,13,380953
2020-07-25T11:13:31.614589,103,13,381257
2020-07-25T11:37:04.273683,103,13,381445
2020-07-25T12:18:29.466833,103,13,381756
2020-07-25T12:37:08.802989,103,13,381876
2020-07-25T13:13:49.975845,103,13,382083
2020-07-25T13:36:59.898993,103,13,382211
2020-07-25T14:15:23.171460,103,13,382356
2020-07-25T14:36:52.113356,103,13,382434
2020-07-25T15:14:16.613359,103,13,382570
2020-07-25T15:36:53.726170,103,13,382650
2020-07-25T16:15:10.948790,103,13,382751
2020-07-25T16:36:45.733311,103,13,382814
2020-07-25T17:13:59.510916,103,13,382920
2020-07-25T17:36:50.708918,103,13,382976
2020-07-25T18:15:42.776332,103,13,383073
2020-07-25T18:37:09.747791,103,13,383116
2020-07-25T19:13:55.254887,103,13,383211
2020-07-25T19:37:07.820860,103,13,383276
2020-07-25T20:15:51.997332,103,13,383383
2020-07-25T20:37:00.808301,103,13,383437
2020-07-25T21:13:46.769327,103,13,383555
2020-07-25T21:37:10.038257,103,13,383624
2020-07-25T22:13:44.732089,103,13,383697
2020-07-25T22:36:54.431695,103,13,383751
2020-07-25T23:13:38.370865,103,13,383818
2020-07-25T23:36:46.424737,103,13,383841
2020-07-26T00:43:29.028385,103,13,383884
2020-07-26T01:16:10.746752,103,13,383893
2020-07-26T01:36:54.608265,103,13,383903
2020-07-26T02:16:28.468768,103,13,383921
2020-07-26T02:36:54.647199,103,13,383928
2020-07-26T03:14:42.230366,103,13,383937
2020-07-26T03:36:51.418605,103,13,383944
2020-07-26T04:15:07.552477,103,13,383959
2020-07-26T04:36:45.226771,103,13,383965
2020-07-26T05:14:00.314223,103,13,383989
2020-07-26T05:36:48.808120,103,13,384013
2020-07-26T06:16:00.412668,103,13,384071
2020-07-26T06:36:59.367468,103,13,384109
2020-07-26T07:14:55.709690,103,13,384194
2020-07-26T07:37:00.366531,103,13,384242
2020-07-26T08:15:53.886179,103,13,384364
2020-07-26T08:36:46.452686,103,13,384420
2020-07-26T09:14:21.564566,103,13,384560
2020-07-26T09:36:53.436084,103,13,384628
2020-07-26T10:14:43.410113,103,13,385009
2020-07-26T10:36:53.622513,103,13,385204
2020-07-26T11:13:37.487482,103,13,385475
2020-07-26T11:36:48.003280,103,13,385622
2020-07-26T12:18:36.239096,103,13,385954
2020-07-26T12:36:42.577839,103,13,386111
2020-07-26T13:13:58.725879,103,13,386388
2020-07-26T13:37:11.062316,103,13,386519
2020-07-26T14:15:33.864547,103,13,386735
2020-07-26T14:36:58.703334,103,13,386819
2020-07-26T15:14:19.727038,103,13,387010
2020-07-26T15:37:13.702311,103,13,387121
2020-07-26T16:14:51.973450,103,13,387301
2020-07-26T16:36:59.586250,103,13,387410
2020-07-26T17:14:15.024139,103,13,387569
2020-07-26T17:36:57.036313,103,13,387669
2020-07-26T18:15:14.902958,103,13,387847
2020-07-26T18:36:53.336662,103,13,387960
2020-07-26T19:14:14.537670,103,13,388679
2020-07-26T19:36:57.358563,103,13,389044
2020-07-26T20:16:07.626829,103,13,389537
2020-07-26T20:36:55.169305,103,13,389780
2020-07-26T21:14:08.428440,103,13,390277
2020-07-26T21:36:49.810062,103,13,390498
2020-07-26T22:13:59.780142,103,13,390817
2020-07-26T22:37:11.575889,103,13,390959
2020-07-26T23:14:00.494257,103,13,391085
2020-07-26T23:37:12.408728,103,13,391146
2020-07-27T00:41:48.123873,103,13,391248
2020-07-27T01:16:10.690350,103,13,391274
2020-07-27T01:36:45.428171,103,13,391286
2020-07-27T02:16:11.742466,103,13,391305
2020-07-27T02:36:47.553315,103,13,391318
2020-07-27T03:14:34.958608,103,13,391343
2020-07-27T03:37:07.114355,103,13,391352
2020-07-27T04:15:59.729425,103,13,391383
2020-07-27T04:37:10.260320,103,13,391404
2020-07-27T05:14:29.250232,103,13,391490
2020-07-27T05:37:20.245234,103,13,391548
2020-07-27T06:16:29.134100,103,13,391713
2020-07-27T06:37:01.876343,103,13,391829
2020-07-27T07:14:55.534335,103,13,392054
2020-07-27T07:37:16.672923,103,13,392206
2020-07-27T08:16:31.682129,103,13,392501
2020-07-27T08:37:15.644441,103,13,392667
2020-07-27T09:15:02.111739,103,13,393189
2020-07-27T09:36:51.683385,103,13,393474
2020-07-27T10:15:22.592473,103,13,393907
2020-07-27T10:36:44.699611,103,13,394155
2020-07-27T11:14:02.137557,103,13,394601
2020-07-27T11:36:40.256720,103,13,394853
2020-07-27T12:19:07.953104,103,13,395324
2020-07-27T12:36:50.968235,103,13,395493
2020-07-27T13:14:34.941077,103,13,395804
2020-07-27T13:36:49.368539,103,13,395975
2020-07-27T14:15:53.590992,103,13,396234
2020-07-27T14:36:53.118498,103,13,396442
2020-07-27T15:14:40.472464,103,13,396828
2020-07-27T15:36:59.816394,103,13,397025
2020-07-27T16:13:11.031743,103,13,397302
2020-07-27T16:37:02.291959,103,13,397511
2020-07-27T17:11:57.294023,103,13,397780
2020-07-27T17:36:52.306386,103,13,397946
2020-07-27T18:13:15.076016,103,13,398201
2020-07-27T18:36:59.005379,103,13,398356
2020-07-27T19:11:43.027306,103,13,398586
2020-07-27T19:36:59.900512,103,13,398747
2020-07-27T20:13:44.339022,103,13,398968
2020-07-27T20:36:46.169655,103,13,399082
2020-07-27T21:12:35.153573,103,13,399297
2020-07-27T21:37:51.465954,103,13,399415
2020-07-27T22:14:13.131576,103,13,399567
2020-07-27T22:36:48.004631,103,13,399638
2020-07-27T23:13:37.810809,103,13,399724
2020-07-27T23:36:47.666983,103,13,399747
2020-07-28T00:41:24.057388,103,13,399795
2020-07-28T01:16:18.719153,103,13,399818
2020-07-28T01:36:58.478444,103,13,399820
2020-07-28T02:16:24.845028,103,13,399831
2020-07-28T02:36:55.874331,103,13,399847
2020-07-28T03:14:49.197023,103,13,399859
2020-07-28T03:36:53.999392,103,13,399871
2020-07-28T04:15:46.298158,103,13,399884
2020-07-28T04:36:54.966176,103,13,399905
2020-07-28T05:14:14.611628,103,13,399955
2020-07-28T05:36:52.251022,103,13,400008
2020-07-28T06:16:12.409497,103,13,400155
2020-07-28T06:36:50.453319,103,13,400251
2020-07-28T07:14:42.625005,103,13,400728
2020-07-28T07:37:04.502228,103,13,401019
2020-07-28T08:16:32.694447,103,13,401522
2020-07-28T08:37:03.476771,103,13,401766
2020-07-28T09:14:52.155563,103,13,402201
2020-07-28T09:36:50.410457,103,13,402429
2020-07-28T10:14:57.660630,103,13,402807
2020-07-28T10:37:03.553264,103,13,403128
2020-07-28T11:13:56.303288,103,13,403738
2020-07-28T11:36:48.696123,104,13,404131
2020-07-28T12:18:58.846996,104,13,404694
2020-07-28T12:36:56.047352,104,13,404863
2020-07-28T13:14:33.336275,104,13,405238
2020-07-28T13:37:12.896702,104,13,405437
2020-07-28T14:15:57.435379,104,13,405823
2020-07-28T14:36:47.958943,104,13,406017
2020-07-28T15:15:10.439275,104,13,406385
2020-07-28T15:36:49.475176,104,13,406586
2020-07-28T16:15:41.011067,104,13,406890
2020-07-28T16:36:42.896087,104,13,407066
2020-07-28T17:14:36.400688,104,13,407333
2020-07-28T17:36:47.641541,104,13,407515
2020-07-28T18:15:40.487047,104,13,407862
2020-07-28T18:36:45.602326,104,13,408024
2020-07-28T19:12:58.918840,104,13,408316
2020-07-28T19:36:50.902056,104,13,408486
2020-07-28T20:16:18.889936,104,13,408802
2020-07-28T20:37:58.019270,104,13,409013
2020-07-28T21:14:35.412110,104,13,409326
2020-07-28T21:36:42.946702,104,13,409489
2020-07-28T22:14:42.166535,104,13,409693
2020-07-28T22:37:11.255679,104,13,409778
2020-07-28T23:13:50.353117,104,13,409885
2020-07-28T23:36:56.060989,104,13,409922
2020-07-29T00:40:25.731298,104,13,409987
2020-07-29T01:16:23.079557,104,13,410022
2020-07-29T01:37:11.621795,104,13,410038
2020-07-29T02:16:50.610674,104,13,410061
2020-07-29T02:37:02.245298,104,13,410075
2020-07-29T03:14:56.212843,104,13,410105
2020-07-29T03:37:09.438904,104,13,410123
2020-07-29T04:15:53.380868,104,13,410162
2020-07-29T04:37:08.869624,104,13,410196
2020-07-29T05:14:18.441106,104,13,410291
2020-07-29T05:37:07.859330,104,13,410395
2020-07-29T06:16:54.647804,104,13,410633
2020-07-29T06:36:57.880550,104,13,410748
2020-07-29T07:15:00.058450,104,13,411043
2020-07-29T07:36:55.114894,104,13,411220
2020-07-29T08:16:20.200068,104,13,411534
2020-07-29T08:36:57.481415,104,13,411678
2020-07-29T09:14:50.562243,104,13,411901
2020-07-29T09:36:59.817439,104,13,412033
2020-07-29T10:14:57.342363,104,13,412276
2020-07-29T10:37:14.256265,104,13,412435
2020-07-29T11:14:17.223443,104,13,412691
2020-07-29T11:37:08.160851,104,13,412833
2020-07-29T12:19:02.769859,104,13,413101
2020-07-29T12:37:08.201795,104,13,413206
2020-07-29T13:14:30.935089,104,13,413449
2020-07-29T13:36:58.134611,104,13,413644
2020-07-29T14:16:17.479838,104,14,413969
2020-07-29T14:36:43.533580,104,14,414114
2020-07-29T15:15:03.197261,104,14,414420
2020-07-29T15:36:43.694355,104,14,414587
2020-07-29T16:15:41.088568,104,14,414852
2020-07-29T16:36:45.928513,104,14,414985
2020-07-29T17:14:41.274729,104,14,415239
2020-07-29T17:36:45.866495,104,14,415354
2020-07-29T18:14:42.548060,104,14,415543
2020-07-29T18:36:56.298851,104,14,415663
2020-07-29T19:14:04.581344,104,14,415858
2020-07-29T19:37:22.370472,104,14,415971
2020-07-29T20:16:55.959172,104,14,416205
2020-07-29T20:36:54.008311,104,14,416329
2020-07-29T21:14:28.982624,104,14,416503
2020-07-29T21:37:08.004907,104,14,416625
2020-07-29T22:14:31.819280,104,14,416758
2020-07-29T22:37:09.473573,104,14,416820
2020-07-29T23:14:28.487588,104,14,416884
2020-07-29T23:37:13.945696,104,14,416910
2020-07-30T00:41:44.997698,104,14,416950
2020-07-30T01:16:23.692632,104,14,416963
2020-07-30T01:36:49.793313,104,14,416970
2020-07-30T02:16:37.839079,104,14,416990
2020-07-30T02:36:46.397478,104,14,416992
2020-07-30T03:14:44.468539,104,14,417014
2020-07-30T03:36:43.440183,104,14,417025
2020-07-30T04:15:38.184686,104,14,417051
2020-07-30T04:36:45.417868,104,14,417077
2020-07-30T05:14:49.322301,104,14,417156
2020-07-30T05:36:45.578159,104,14,417226
2020-07-30T06:16:35.436661,104,14,417363
2020-07-30T06:36:43.849271,104,14,417449
2020-07-30T07:14:46.219263,104,14,417621
2020-07-30T07:36:49.981116,104,14,417755
2020-07-30T08:16:44.961103,104,14,417953
2020-07-30T08:36:48.302955,104,14,418051
2020-07-30T09:14:41.355196,104,14,418229
2020-07-30T09:36:52.334389,104,14,418311
2020-07-30T10:15:16.435213,104,14,418481
2020-07-30T10:37:00.228186,104,14,418568
2020-07-30T11:14:17.859528,104,14,418743
2020-07-30T11:36:57.171840,104,14,418874
2020-07-30T12:19:53.767522,104,14,419057
2020-07-30T12:37:01.399324,104,14,419118
2020-07-30T13:14:25.477663,104,14,419277
2020-07-30T13:37:07.264792,104,14,419345
2020-07-30T14:21:55.200006,104,14,419541
2020-07-30T14:37:10.732987,104,14,419616
2020-07-30T15:15:26.552125,104,14,419789
2020-07-30T15:36:59.324204,104,14,419899
2020-07-30T16:16:11.070712,104,14,420034
2020-07-30T16:36:46.537208,104,14,420105
2020-07-30T17:15:07.259376,104,14,420261
2020-07-30T17:36:46.928158,104,14,420344
2020-07-30T18:16:39.227160,104,15,420480
2020-07-30T18:36:43.645073,104,15,420564
2020-07-30T19:13:38.383137,104,15,420748
2020-07-30T19:36:46.275161,104,15,420843
2020-07-30T20:14:39.767274,104,15,420994
2020-07-30T20:36:56.525893,104,15,421089
2020-07-30T21:12:00.889990,104,15,421257
2020-07-30T21:36:47.344675,104,15,421346
2020-07-30T22:12:20.832259,104,15,421473
2020-07-30T22:36:56.861489,104,15,421507
2020-07-30T23:14:21.760016,104,15,421557
2020-07-30T23:36:56.273762,104,15,421584
2020-07-31T00:42:41.453423,104,15,421624
2020-07-31T01:16:36.550417,104,15,421638
2020-07-31T01:36:46.923739,104,15,421642
2020-07-31T02:17:04.790787,104,15,421656
2020-07-31T02:36:44.355807,104,15,421664
2020-07-31T03:15:11.614804,104,15,421681
2020-07-31T03:36:43.924083,104,15,421692
2020-07-31T04:16:05.637252,104,15,421718
2020-07-31T04:36:52.432095,104,15,421731
2020-07-31T05:14:37.653055,104,15,421773
2020-07-31T05:36:47.049452,104,15,421820
2020-07-31T06:16:39.538813,104,15,421978
2020-07-31T06:37:00.475671,104,15,422121
2020-07-31T07:15:07.891876,104,15,422352
2020-07-31T07:36:55.971648,104,15,422462
2020-07-31T08:17:14.182077,104,15,422687
2020-07-31T08:36:48.584544,104,15,422808
2020-07-31T09:15:12.078647,104,15,423038
2020-07-31T09:36:59.259893,104,15,423244
2020-07-31T10:15:18.663803,104,15,423537
2020-07-31T10:37:03.444384,104,15,423661
2020-07-31T11:14:21.849787,104,15,423860
2020-07-31T11:37:01.170950,104,15,423980
2020-07-31T12:21:39.305572,104,15,424199
2020-07-31T12:37:04.142495,104,15,424275
2020-07-31T13:14:30.226848,104,15,424427
2020-07-31T13:37:08.470605,104,15,424512
2020-07-31T14:16:06.817206,104,15,424647
2020-07-31T14:36:53.620426,104,15,424705
2020-07-31T15:15:14.727705,104,15,424846
2020-07-31T15:36:44.881969,104,15,424914
2020-07-31T16:16:07.852376,104,15,425026
2020-07-31T16:37:05.313172,104,15,425088
2020-07-31T17:15:02.224139,106,16,425198
2020-07-31T17:36:43.116351,106,16,425249
2020-07-31T18:16:22.020621,106,16,425343
2020-07-31T18:36:55.036545,106,16,425383
2020-07-31T19:14:25.045437,106,16,425479
2020-07-31T19:36:54.992487,106,16,425539
2020-07-31T20:17:12.278525,106,16,425670
2020-07-31T20:36:43.029674,106,16,425723
2020-07-31T21:14:47.218856,106,16,425819
2020-07-31T21:36:50.741893,106,16,425869
2020-07-31T22:14:37.713464,106,16,425949
2020-07-31T22:36:47.412666,106,16,425982
2020-07-31T23:14:15.880690,106,16,426039
2020-07-31T23:36:48.661786,106,16,426049
2020-08-01T00:43:45.617178,106,16,426079
2020-08-01T01:16:39.501173,106,16,426091
2020-08-01T01:36:43.211812,106,16,426099
2020-08-01T02:16:56.662318,106,16,426107
2020-08-01T02:36:45.513452,106,16,426108
2020-08-01T03:15:20.971258,106,16,426121
2020-08-01T03:37:03.651692,106,16,426126
2020-08-01T04:16:05.421100,106,16,426138
2020-08-01T04:37:15.859469,106,16,426142
2020-08-01T05:14:36.553321,106,16,426168
2020-08-01T05:36:48.993504,106,16,426191
2020-08-01T06:16:54.665164,106,16,426274
2020-08-01T06:37:07.554810,106,16,426332
2020-08-01T07:15:02.270253,106,16,426455
2020-08-01T07:36:59.650003,106,16,426546
2020-08-01T08:16:22.740581,106,16,426699
2020-08-01T08:37:05.543115,106,16,426763
2020-08-01T09:14:57.875851,106,16,426903
2020-08-01T09:37:01.000881,106,16,426967
2020-08-01T10:15:20.481451,106,16,427139
2020-08-01T10:37:06.586059,106,16,427209
2020-08-01T11:14:19.614716,106,16,427305
2020-08-01T11:36:58.544259,106,16,427363
2020-08-01T12:19:22.894757,106,16,427491
2020-08-01T12:37:04.436587,106,16,427540
2020-08-01T13:14:28.969508,106,16,427651
2020-08-01T13:37:11.949370,106,16,427707
2020-08-01T14:15:58.519137,106,16,427808
2020-08-01T14:37:02.003421,106,16,427866
2020-08-01T15:14:58.934695,106,16,427962
2020-08-01T15:37:02.779510,106,16,428007
2020-08-01T16:15:58.990937,106,16,428094
2020-08-01T16:37:12.087866,106,16,428144
2020-08-01T17:14:25.428388,106,16,428234
2020-08-01T17:37:03.685750,106,16,428271
2020-08-01T18:16:21.356490,106,16,428350
2020-08-01T18:37:17.322905,106,16,428386
2020-08-01T19:14:20.181821,106,16,428449
2020-08-01T19:36:58.612118,106,16,428497
2020-08-01T20:16:57.845722,106,16,428610
2020-08-01T20:37:04.243709,106,16,428656
2020-08-01T21:14:27.162694,106,16,428751
2020-08-01T21:37:06.662466,106,16,428809
2020-08-01T22:14:55.509487,106,16,428874
2020-08-01T22:37:02.507133,106,16,428904
2020-08-01T23:14:22.526548,106,16,428947
2020-08-01T23:36:59.318347,106,16,428970
2020-08-02T00:44:14.273019,106,16,428995
2020-08-02T01:16:35.680522,106,16,429004
2020-08-02T01:36:43.259458,106,16,429007
2020-08-02T02:17:03.043840,106,16,429010
2020-08-02T02:36:58.064074,106,16,429016
2020-08-02T03:15:05.130851,106,16,429020
2020-08-02T03:36:51.806630,106,16,429021
2020-08-02T04:16:06.187086,106,16,429029
2020-08-02T04:36:42.554199,106,16,429035
2020-08-02T05:14:35.232175,106,16,429055
2020-08-02T05:37:03.600415,106,16,429072
2020-08-02T06:17:05.659673,106,16,429112
2020-08-02T06:36:48.653693,106,16,429134
2020-08-02T07:15:29.125197,106,16,429206
2020-08-02T07:36:57.356294,106,16,429252
2020-08-02T08:16:31.669652,106,16,429347
2020-08-02T08:36:50.894530,106,16,429388
2020-08-02T09:15:04.450870,106,16,429478
2020-08-02T09:36:50.849147,106,16,429532
2020-08-02T10:15:31.968420,106,16,429629
2020-08-02T10:37:08.780482,106,16,429667
2020-08-02T11:14:34.935726,106,16,429729
2020-08-02T11:37:05.817074,106,16,429770
2020-08-02T12:19:33.301361,106,16,429843
2020-08-02T12:37:07.943500,106,16,429881
2020-08-02T13:14:31.110762,106,16,429933
2020-08-02T13:37:08.618144,106,16,429966
2020-08-02T14:16:32.122991,106,16,430027
2020-08-02T14:37:11.393745,106,16,430062
2020-08-02T15:15:02.040336,106,16,430122
2020-08-02T15:37:09.731990,106,16,430152
2020-08-02T16:15:58.365944,106,16,430199
2020-08-02T16:36:59.223546,106,16,430236
2020-08-02T17:14:41.122592,106,16,430301
2020-08-02T17:37:05.197700,106,16,430326
2020-08-02T18:16:27.784632,106,16,430381
2020-08-02T18:37:13.608231,106,16,430407
2020-08-02T19:14:27.312770,106,16,430453
2020-08-02T19:37:04.891608,106,16,430483
2020-08-02T20:17:01.521474,106,16,430527
2020-08-02T20:37:05.432568,106,16,430553
2020-08-02T21:14:30.026283,106,16,430597
2020-08-02T21:37:10.173303,106,16,430621
2020-08-02T22:14:57.454728,106,16,430665
2020-08-02T22:36:49.399604,106,16,430677
2020-08-02T23:14:24.015039,106,16,430699
2020-08-02T23:37:03.329576,106,16,430711
2020-08-03T00:43:52.134963,106,16,430726
2020-08-03T01:16:44.983333,106,16,430729
2020-08-03T01:36:49.726432,106,16,430729
2020-08-03T02:17:17.085132,106,16,430731
2020-08-03T02:36:49.225341,106,16,430732
2020-08-03T03:15:39.379669,106,16,430736
2020-08-03T03:37:03.825406,106,16,430739
2020-08-03T04:16:15.956322,106,16,430747
2020-08-03T04:36:59.748094,106,16,430753
2020-08-03T05:14:51.267063,106,16,430773
2020-08-03T05:36:57.943886,106,16,430790
2020-08-03T06:17:31.710298,106,16,430825
2020-08-03T06:37:01.063563,106,16,430852
2020-08-03T07:15:24.520687,106,16,430907
2020-08-03T07:37:03.975059,106,16,430949
2020-08-03T08:17:22.580505,106,16,431027
2020-08-03T08:37:09.273487,106,16,431071
2020-08-03T09:15:37.240786,106,16,431173
2020-08-03T09:36:48.069268,106,16,431244
2020-08-03T10:15:42.113594,106,16,431405
2020-08-03T10:36:46.952760,106,16,431485
2020-08-03T11:14:35.891007,106,16,431649
2020-08-03T11:36:47.706430,106,16,431732
2020-08-03T12:19:50.103087,106,16,431870
2020-08-03T12:36:55.524806,106,16,431907
2020-08-03T13:15:19.494444,106,16,431995
2020-08-03T13:36:50.409772,106,16,432055
2020-08-03T14:16:34.978229,106,16,432370
2020-08-03T14:36:49.112136,106,16,432510
2020-08-03T15:15:30.843103,106,16,432733
2020-08-03T15:37:02.515148,106,16,432863
2020-08-03T16:16:28.436593,106,16,433069
2020-08-03T16:37:04.433880,106,16,433166
2020-08-03T17:15:00.890805,106,16,433337
2020-08-03T17:37:13.477887,106,16,433464
2020-08-03T18:16:18.799446,106,16,433629
2020-08-03T18:36:57.881799,106,16,433731
2020-08-03T19:14:27.402743,106,16,433898
2020-08-03T19:36:43.633904,106,16,433996
2020-08-03T20:17:28.742129,106,16,434211
2020-08-03T20:36:49.320573,106,16,434313
2020-08-03T21:15:19.201257,106,16,434489
2020-08-03T21:36:57.145737,109,17,434593
2020-08-03T22:14:50.610916,109,17,434726
2020-08-03T22:38:55.404744,109,17,434804
2020-08-03T23:15:14.757805,109,17,434874
2020-08-03T23:37:00.469494,109,17,434906
2020-08-04T00:43:17.355511,109,17,434948
2020-08-04T01:17:08.166511,109,17,434971
2020-08-04T01:36:49.259635,109,17,434975
2020-08-04T02:17:14.569349,109,17,434988
2020-08-04T02:37:01.140002,109,17,434994
2020-08-04T03:15:28.114630,109,17,435006
2020-08-04T03:36:52.017220,109,17,435013
2020-08-04T04:16:18.548672,109,17,435034
2020-08-04T04:36:56.433695,109,17,435059
2020-08-04T05:15:03.243392,109,17,435126
2020-08-04T05:37:13.282316,109,17,435170
2020-08-04T06:17:24.247687,109,17,435301
2020-08-04T06:37:03.423306,109,17,435379
2020-08-04T07:15:59.531152,109,17,435539
2020-08-04T07:37:17.239772,109,17,435627
2020-08-04T08:17:41.789649,109,17,435808
2020-08-04T08:36:43.413225,109,17,435885
2020-08-04T09:15:45.396320,109,17,436116
2020-08-04T09:36:49.729835,109,17,436217
2020-08-04T10:15:43.772834,109,17,436402
2020-08-04T10:36:47.783866,109,17,436487
2020-08-04T11:14:51.740371,109,17,436655
2020-08-04T11:36:49.547491,109,17,436762
2020-08-04T12:19:59.020715,109,17,437026
2020-08-04T12:37:05.679626,109,17,437108
2020-08-04T13:14:17.252495,109,17,437244
2020-08-04T13:36:51.572985,109,17,437330
2020-08-04T14:17:01.587662,109,17,437411
2020-08-04T14:37:07.450556,109,17,437465
2020-08-04T15:15:32.596411,109,17,437554
2020-08-04T15:36:49.590339,109,17,437601
2020-08-04T16:16:41.664631,109,17,437676
2020-08-04T16:37:10.200952,109,17,437715
2020-08-04T17:14:53.096446,109,17,437782
2020-08-04T17:37:00.989939,109,17,437813
2020-08-04T18:16:27.128246,109,17,437877
2020-08-04T18:37:10.252765,109,17,437916
2020-08-04T19:14:56.748264,109,17,437980
2020-08-04T19:36:55.473150,109,17,438010
2020-08-04T20:17:33.839414,109,17,438077
2020-08-04T20:36:49.289519,109,17,438110
2020-08-04T21:15:01.670228,109,17,438166
2020-08-04T21:36:55.255995,109,17,438198
2020-08-04T22:14:56.071711,109,17,438240
2020-08-04T22:37:03.499790,109,17,438254
2020-08-04T23:12:49.640690,109,17,438274
2020-08-04T23:37:02.244778,109,17,438282
2020-08-05T00:43:18.666022,109,17,438296
2020-08-05T01:17:08.956291,109,17,438301
2020-08-05T01:36:51.666209,109,17,438306
2020-08-05T02:17:16.859817,109,17,438313
2020-08-05T02:36:57.506589,109,17,438314
2020-08-05T03:15:45.061837,109,17,438318
2020-08-05T03:37:03.886207,109,17,438323
2020-08-05T04:16:28.306416,109,17,438330
2020-08-05T04:36:59.279511,109,17,438336
2020-08-05T05:15:23.192302,109,17,438348
2020-08-05T05:37:03.059209,109,17,438371
2020-08-05T06:17:28.606227,109,17,438403
2020-08-05T06:37:11.647503,109,17,438424
2020-08-05T07:15:51.047397,109,17,438478
2020-08-05T07:36:47.432594,109,17,438503
2020-08-05T08:17:14.984544,109,17,438551
2020-08-05T08:36:47.858019,109,17,438611
2020-08-05T09:15:42.443396,109,17,438810
2020-08-05T09:36:52.986815,109,17,438869
2020-08-05T10:15:49.130333,109,17,439010
2020-08-05T10:37:14.952580,109,17,439058
2020-08-05T11:15:04.448423,109,17,439197
2020-08-05T11:36:46.425002,93,17,439271
2020-08-05T12:20:12.615455,94,18,439391
2020-08-05T12:36:56.225185,94,18,439443
2020-08-05T13:15:06.626629,94,18,439535
2020-08-05T13:36:46.565232,94,18,439596
2020-08-05T14:16:49.173802,94,18,439694
2020-08-05T14:36:49.803734,94,18,439731
2020-08-05T15:15:44.198434,94,18,439819
2020-08-05T15:36:54.000931,94,18,439867
2020-08-05T16:16:27.436786,94,18,440000
2020-08-05T16:36:49.514979,94,18,440098
2020-08-05T17:15:26.752417,94,18,440243
2020-08-05T17:36:47.772021,94,18,440312
2020-08-05T18:17:00.150345,94,18,440434
2020-08-05T18:36:47.156641,94,18,440510
2020-08-05T19:14:46.257810,94,18,440605
2020-08-05T19:36:57.331642,94,18,440698
2020-08-05T20:17:28.742366,94,18,440843
2020-08-05T20:37:01.303842,94,18,440924
2020-08-05T21:15:11.329064,94,18,441059
2020-08-05T21:36:48.673818,94,18,441129
2020-08-05T22:15:09.022329,94,18,441204
2020-08-05T22:36:57.596415,94,18,441238
2020-08-05T23:14:42.134080,94,18,441271
2020-08-05T23:36:57.466502,94,18,441288
2020-08-06T00:43:38.830179,94,18,441317
2020-08-06T01:18:36.917278,94,18,441320
2020-08-06T01:36:43.332522,94,18,441324
2020-08-06T02:17:35.133477,94,18,441330
2020-08-06T02:36:45.934073,94,18,441333
2020-08-06T03:15:37.676827,94,18,441338
2020-08-06T03:36:47.402731,94,18,441340
2020-08-06T04:17:44.099912,94,18,441366
2020-08-06T04:36:53.843620,94,18,441374
2020-08-06T05:15:23.010950,94,18,441418
2020-08-06T05:36:55.454558,94,18,441456
2020-08-06T06:17:23.092706,94,18,441542
2020-08-06T06:37:03.537842,94,18,441591
2020-08-06T07:15:58.506371,94,18,441700
2020-08-06T07:37:10.613092,94,18,441752
2020-08-06T08:17:35.295298,94,18,441871
2020-08-06T08:36:45.348147,94,18,441933
2020-08-06T09:15:41.984026,94,18,442018
2020-08-06T09:36:49.800456,94,18,442074
2020-08-06T10:15:48.915642,94,18,442162
2020-08-06T10:37:03.825626,94,18,442331
2020-08-06T11:15:02.664126,94,18,442716
2020-08-06T11:36:58.413843,94,18,442927
2020-08-06T12:20:38.956452,94,18,443288
2020-08-06T12:37:06.056947,94,18,443414
2020-08-06T13:15:32.151133,94,18,443667
2020-08-06T13:36:45.505508,94,18,443801
2020-08-06T14:16:48.663309,94,18,444014
2020-08-06T14:36:57.442204,94,18,444253
2020-08-06T15:15:57.364894,94,18,444751
2020-08-06T15:36:45.515884,94,18,445008
2020-08-06T16:16:44.130055,94,18,445591
2020-08-06T16:36:50.234773,94,18,445848
2020-08-06T17:15:51.816396,94,18,446290
2020-08-06T17:37:17.217609,94,18,446498
2020-08-06T18:16:58.544170,94,18,446865
2020-08-06T18:36:50.071866,94,18,447020
2020-08-06T19:14:47.415608,94,18,447338
2020-08-06T19:37:02.885548,94,18,447508
2020-08-06T20:17:49.302685,94,18,447836
2020-08-06T20:36:56.959154,94,18,448002
2020-08-06T21:15:24.892696,94,18,448316
2020-08-06T21:37:05.078282,94,18,448471
2020-08-06T22:15:27.063923,94,18,448713
2020-08-06T22:37:01.023023,94,18,448802
2020-08-06T23:14:56.927780,94,18,448908
2020-08-06T23:37:09.586110,94,18,448947
2020-08-07T00:45:00.353623,94,18,449030
2020-08-07T01:17:20.468529,94,18,449058
2020-08-07T01:36:57.299617,94,18,449077
2020-08-07T02:17:55.354425,94,18,449100
2020-08-07T02:37:01.301627,94,18,449111
2020-08-07T03:15:55.230987,94,18,449127
2020-08-07T03:37:07.769585,94,18,449135
2020-08-07T04:17:18.260482,94,18,449163
2020-08-07T04:36:55.434442,94,18,449187
2020-08-07T05:15:37.870707,94,18,449272
2020-08-07T05:36:47.040195,94,18,449342
2020-08-07T06:17:39.588777,94,18,449504
2020-08-07T06:36:45.099727,94,18,449610
2020-08-07T07:16:13.766706,94,18,449854
2020-08-07T07:36:56.294350,94,18,450017
2020-08-07T08:17:59.976825,94,18,450306
2020-08-07T08:37:03.610493,94,18,450424
2020-08-07T09:16:01.869988,94,18,450661
2020-08-07T09:36:57.451252,94,18,450773
2020-08-07T10:16:29.354951,94,18,451016
2020-08-07T10:37:10.911511,94,18,451161
2020-08-07T11:15:07.206759,94,18,451404
2020-08-07T11:36:43.146323,94,18,451526
2020-08-07T12:22:49.305015,94,18,451783
2020-08-07T12:36:52.976401,94,18,451866
2020-08-07T13:15:20.823303,94,18,452032
2020-08-07T13:37:02.295837,94,18,452110
2020-08-07T14:17:26.801682,94,18,452258
2020-08-07T14:36:43.444362,94,18,452323
2020-08-07T15:16:11.684457,94,18,452518
2020-08-07T15:36:52.692947,94,18,452604
2020-08-07T16:16:50.732470,94,18,452742
2020-08-07T16:37:02.567279,94,18,452817
2020-08-07T17:15:53.850059,94,18,452939
2020-08-07T17:37:04.024840,94,18,453003
2020-08-07T18:16:47.244983,94,18,453163
2020-08-07T18:36:47.617063,94,18,453240
2020-08-07T19:15:05.058682,94,18,453396
2020-08-07T19:36:45.256824,94,18,453472
2020-08-07T20:17:40.523190,94,18,453638
2020-08-07T20:36:48.186363,94,18,453723
2020-08-07T21:15:38.994216,94,18,453838
2020-08-07T21:36:51.550886,94,18,453920
2020-08-07T22:15:13.839103,94,18,454038
2020-08-07T22:36:54.629034,94,18,454092
2020-08-07T23:14:46.744804,94,18,454167
2020-08-07T23:36:57.191725,94,18,454191
2020-08-08T00:44:12.587847,94,18,454226
2020-08-08T01:17:36.043689,94,18,454237
2020-08-08T01:36:46.756658,94,18,454241
2020-08-08T02:17:38.355260,94,18,454246
2020-08-08T02:36:44.991915,94,18,454251
2020-08-08T03:15:42.254328,94,18,454264
2020-08-08T03:36:47.743827,94,18,454271
2020-08-08T04:16:45.614171,94,18,454292
2020-08-08T04:36:49.580134,94,18,454301
2020-08-08T05:15:10.117146,94,18,454340
2020-08-08T05:36:52.972493,94,18,454639
2020-08-08T06:17:16.991122,94,18,454738
2020-08-08T06:36:55.596558,94,18,454787
2020-08-08T07:15:54.856877,94,18,454925
2020-08-08T07:36:55.941931,94,18,455013
2020-08-08T08:17:16.403161,94,18,455164
2020-08-08T08:36:56.570660,94,18,455236
2020-08-08T09:15:49.950872,94,18,455371
2020-08-08T09:36:58.235082,94,18,455437
2020-08-08T10:15:53.751423,94,18,455569
2020-08-08T10:37:01.604759,94,18,455642
2020-08-08T11:14:56.509876,94,18,455777
2020-08-08T11:37:02.816012,94,18,455858
2020-08-08T12:20:28.255536,94,18,455981
2020-08-08T12:37:09.225880,94,18,456037
2020-08-08T13:15:24.929212,94,18,456181
2020-08-08T13:37:06.507265,94,18,456248
2020-08-08T14:16:58.103450,94,18,456409
2020-08-08T14:37:11.087303,94,18,456482
2020-08-08T15:16:03.653970,94,18,456633
2020-08-08T15:37:13.616234,94,18,457095
2020-08-08T16:16:41.213821,94,18,458011
2020-08-08T16:36:42.172526,94,18,458323
2020-08-08T17:15:34.798506,94,18,458864
2020-08-08T17:36:54.084461,94,18,459100
2020-08-08T18:16:41.885700,94,18,459468
2020-08-08T18:36:48.992404,94,18,459635
2020-08-08T19:15:10.559160,94,18,459934
2020-08-08T19:36:48.798629,94,18,460106
2020-08-08T20:17:44.038643,94,18,460416
2020-08-08T20:36:53.326652,94,18,460561
2020-08-08T21:15:19.377263,94,18,460850
2020-08-08T21:36:54.077803,94,18,461009
2020-08-08T22:15:19.312646,94,18,461278
2020-08-08T22:36:59.011503,94,18,461454
2020-08-08T23:14:50.024186,94,18,461639
2020-08-08T23:37:27.367845,94,18,461733
2020-08-09T00:46:19.203678,94,18,461886
2020-08-09T01:17:40.064801,94,18,461925
2020-08-09T01:36:48.633500,94,18,461950
2020-08-09T02:17:47.934140,94,18,461987
2020-08-09T02:36:52.704855,94,18,461998
2020-08-09T03:16:14.312049,94,18,462016
2020-08-09T03:36:51.626520,94,18,462030
2020-08-09T04:17:23.773380,94,18,462058
2020-08-09T04:36:52.702931,94,18,462073
2020-08-09T05:15:20.569890,94,18,462144
2020-08-09T05:36:55.047964,94,18,462191
2020-08-09T06:17:51.315554,94,18,462367
2020-08-09T06:36:59.661657,94,18,462463
2020-08-09T07:16:22.280411,94,18,462763
2020-08-09T07:37:02.465009,94,18,462965
2020-08-09T08:17:23.670754,94,18,463352
2020-08-09T08:37:03.821735,94,18,463529
2020-08-09T09:15:57.690544,94,18,463872
2020-08-09T09:37:11.085883,94,18,464048
2020-08-09T10:16:03.896700,94,18,464333
2020-08-09T10:37:14.510208,94,18,464446
2020-08-09T11:15:03.672691,94,18,464667
2020-08-09T11:37:12.519700,94,18,464771
2020-08-09T12:20:36.362010,94,18,464991
2020-08-09T12:36:47.353524,94,18,465083
2020-08-09T13:15:05.567282,94,18,465301
2020-08-09T13:36:53.230664,94,18,465411
2020-08-09T14:16:45.513444,94,18,465622
2020-08-09T14:36:45.916816,94,18,465701
2020-08-09T15:15:42.762221,94,18,465828
2020-08-09T15:36:49.330852,94,18,465880
2020-08-09T16:16:46.014930,94,18,465960
2020-08-09T16:36:55.426945,94,18,466007
2020-08-09T17:15:43.243172,94,18,466086
2020-08-09T17:36:56.187911,94,18,466119
2020-08-09T18:16:51.593960,94,18,466202
2020-08-09T18:36:57.103308,94,18,466245
2020-08-09T19:15:47.405155,94,18,466905
2020-08-09T19:36:58.085486,94,18,467150
2020-08-09T20:17:56.399882,94,18,467552
2020-08-09T20:37:01.465239,94,18,467745
2020-08-09T21:15:31.891263,94,18,468091
2020-08-09T21:36:58.812177,94,18,468223
2020-08-09T22:15:31.822288,94,18,468469
2020-08-09T22:37:08.266901,94,18,468572
2020-08-09T23:15:26.180742,94,18,468688
2020-08-09T23:37:07.444581,94,18,468729
2020-08-10T00:45:57.811986,94,18,468805
2020-08-10T01:17:49.028679,94,18,468816
2020-08-10T01:36:55.340299,94,18,468825
2020-08-10T02:18:23.635894,94,18,468841
2020-08-10T02:37:04.465108,94,18,468849
2020-08-10T03:16:24.777647,94,18,468860
2020-08-10T03:36:51.777347,94,18,468875
2020-08-10T04:18:35.291812,94,18,468906
2020-08-10T04:37:08.814748,94,18,468931
2020-08-10T05:15:55.927885,94,18,468999
2020-08-10T05:36:50.481700,94,18,469044
2020-08-10T06:18:14.267854,94,18,469180
2020-08-10T06:36:45.494735,94,18,469247
2020-08-10T07:16:39.126792,94,18,469456
2020-08-10T07:36:44.986258,94,18,469562
2020-08-10T08:17:59.270123,94,18,469762
2020-08-10T08:36:53.230287,94,18,469865
2020-08-10T09:16:24.332774,94,18,470019
2020-08-10T09:36:45.492490,94,18,470107
2020-08-10T10:16:41.287688,94,18,470252
2020-08-10T10:36:56.096312,94,18,470318
2020-08-10T11:15:26.616544,94,18,470457
2020-08-10T11:37:03.197964,94,18,470533
2020-08-10T12:21:40.714066,94,18,470667
2020-08-10T12:36:48.931907,94,18,470707
2020-08-10T13:15:44.544597,94,18,470821
2020-08-10T13:36:47.173583,94,18,470874
2020-08-10T14:17:33.174063,94,18,470984
2020-08-10T14:36:59.309704,94,18,471033
2020-08-10T15:16:31.546224,94,18,471120
2020-08-10T15:36:55.980688,94,18,471177
2020-08-10T16:17:11.515164,94,18,471290
2020-08-10T16:36:52.390165,94,18,471338
2020-08-10T17:15:54.053720,94,18,471429
2020-08-10T17:37:00.150008,94,18,471482
2020-08-10T18:17:31.601321,94,18,471588
2020-08-10T18:36:45.717578,94,18,471627
2020-08-10T19:15:30.454251,94,18,471685
2020-08-10T19:36:46.557873,94,18,471730
2020-08-10T20:17:55.353703,94,18,471783
2020-08-10T20:37:07.833408,94,18,471807
2020-08-10T21:15:46.778602,94,18,471862
2020-08-10T21:36:51.277614,94,18,471890
2020-08-10T22:15:38.819650,94,18,471913
2020-08-10T22:36:51.101439,94,18,471920
2020-08-10T23:15:20.516446,94,18,471945
2020-08-10T23:37:09.261529,94,18,471954
2020-08-11T00:45:13.421300,94,18,471966
2020-08-11T01:18:09.293000,94,18,471971
2020-08-11T01:36:49.716928,94,18,471971
2020-08-11T02:18:18.259991,94,18,471974
2020-08-11T02:36:45.215741,94,18,471977
2020-08-11T03:16:12.418363,94,18,471980
2020-08-11T03:36:50.809902,94,18,471984
2020-08-11T04:17:18.058866,94,18,471989
2020-08-11T04:36:52.593033,94,18,471992
2020-08-11T05:15:53.919485,94,18,472008
2020-08-11T05:37:01.493319,94,18,472017
2020-08-11T06:17:57.849167,94,18,472046
2020-08-11T06:37:02.854410,94,18,472061
2020-08-11T07:16:30.235474,94,18,472100
2020-08-11T07:37:03.499018,94,18,472127
2020-08-11T08:18:38.387118,94,18,472413
2020-08-11T08:36:47.763084,94,18,472641
2020-08-11T09:16:20.870763,94,18,473145
2020-08-11T09:36:56.564360,94,18,473391
2020-08-11T10:16:41.218964,94,18,473942
2020-08-11T10:36:54.347805,94,18,474195
2020-08-11T11:15:42.726060,94,18,474663
2020-08-11T11:36:59.050333,94,18,474908
2020-08-11T12:20:58.910545,94,18,475392
2020-08-11T12:37:04.672214,94,18,475544
2020-08-11T13:16:05.507306,94,18,475939
2020-08-11T13:36:47.926071,94,18,476114
2020-08-11T14:17:47.102786,94,18,476473
2020-08-11T14:37:02.405314,94,18,476607
2020-08-11T15:16:38.116369,94,18,476880
2020-08-11T15:36:48.471571,94,18,477019
2020-08-11T16:17:17.292020,94,18,477280
2020-08-11T16:36:55.252106,94,18,477412
2020-08-11T17:15:59.283894,94,18,477675
2020-08-11T17:37:06.890157,94,18,477799
2020-08-11T18:17:33.097980,94,18,478073
2020-08-11T18:36:45.049303,94,18,478205
2020-08-11T19:15:35.865412,94,18,478438
2020-08-11T19:36:49.665046,94,18,478557
2020-08-11T20:18:17.854143,94,18,478806
2020-08-11T20:36:55.010186,94,18,478933
2020-08-11T21:15:49.918332,94,18,479201
2020-08-11T21:37:01.454756,94,18,479320
2020-08-11T22:15:58.048674,94,18,479490
2020-08-11T22:36:46.827081,94,18,479541
2020-08-11T23:15:33.930853,94,18,479626
2020-08-11T23:36:54.642375,94,18,479666
2020-08-12T00:45:10.608190,94,18,479725
2020-08-12T01:18:04.151876,94,18,479740
2020-08-12T01:36:53.158482,94,18,479746
2020-08-12T02:18:18.597086,94,18,479760
2020-08-12T02:36:50.304865,94,18,479765
2020-08-12T03:16:43.185410,94,18,479782
2020-08-12T03:36:55.448477,94,18,479790
2020-08-12T04:17:50.657853,94,18,479811
2020-08-12T04:36:58.267006,94,18,479827
2020-08-12T05:16:19.913938,94,18,479881
2020-08-12T05:37:05.106991,94,18,479928
2020-08-12T06:18:28.879071,94,18,480052
2020-08-12T06:36:55.650063,94,18,480116
2020-08-12T07:16:37.498832,94,18,480306
2020-08-12T07:36:43.550318,94,18,480417
2020-08-12T08:18:14.249754,94,18,480660
2020-08-12T08:36:53.139911,94,18,480770
2020-08-12T09:16:22.658804,94,18,481024
2020-08-12T09:36:56.702615,94,18,481133
2020-08-12T10:17:01.568647,94,18,481426
2020-08-12T10:37:00.971252,94,18,481624
2020-08-12T11:16:02.256193,94,18,482000
2020-08-12T11:36:46.866000,94,18,482204
2020-08-12T12:21:13.856464,94,18,482574
2020-08-12T12:36:58.262563,94,18,482671
2020-08-12T13:15:52.733761,94,18,482924
2020-08-12T13:36:44.214515,94,18,483031
2020-08-12T14:18:09.270346,94,18,483261
2020-08-12T14:36:44.001233,94,18,483365
2020-08-12T15:16:28.068708,94,18,483550
2020-08-12T15:36:50.354050,94,18,483659
2020-08-12T16:17:30.100305,94,18,483857
2020-08-12T16:37:06.326717,94,18,483939
2020-08-12T17:16:06.129776,94,18,484123
2020-08-12T17:36:54.482810,94,18,484219
2020-08-12T18:17:49.374836,94,18,484410
2020-08-12T18:37:05.763681,94,18,484483
2020-08-12T19:15:57.624793,94,18,484655
2020-08-12T19:36:43.083041,94,18,484747
2020-08-12T20:18:18.838704,94,18,484979
2020-08-12T20:36:58.081297,94,18,485061
2020-08-12T21:15:53.038443,94,18,485232
2020-08-12T21:37:05.060391,94,18,485343
2020-08-12T22:15:59.496968,94,18,485487
2020-08-12T22:36:44.370678,94,18,485531
2020-08-12T23:15:41.114815,94,18,485588
2020-08-12T23:36:52.889016,94,18,485626
2020-08-13T00:45:17.459929,94,18,485672
2020-08-13T01:18:11.259189,94,18,485690
2020-08-13T01:36:45.792292,94,18,485697
2020-08-13T02:18:41.407286,94,18,485720
2020-08-13T02:36:57.836470,94,18,485725
2020-08-13T03:16:44.615411,94,18,485740
2020-08-13T03:36:59.982056,94,18,485745
2020-08-13T04:17:51.578850,94,18,485767
2020-08-13T04:37:01.586301,94,18,485783
2020-08-13T05:16:27.321025,94,18,485838
2020-08-13T05:36:56.502346,94,18,485893
2020-08-13T06:18:31.908022,94,18,486012
2020-08-13T06:36:43.039764,94,18,486059
2020-08-13T07:16:39.271011,94,18,486227
2020-08-13T07:36:51.474846,94,18,486321
2020-08-13T08:18:15.434388,94,18,486493
2020-08-13T08:36:59.596612,94,18,486567
2020-08-13T09:16:29.977909,94,18,486784
2020-08-13T09:37:01.906895,94,18,486872
2020-08-13T10:17:02.874741,94,18,487076
2020-08-13T10:36:52.526366,94,18,487154
2020-08-13T11:15:43.686798,94,18,487289
2020-08-13T11:36:53.318027,94,18,487366
2020-08-13T12:21:30.591295,94,18,487532
2020-08-13T12:36:59.703280,94,18,487575
2020-08-13T13:16:09.914909,94,18,487697
2020-08-13T13:36:43.920790,94,18,487759
2020-08-13T14:17:54.925551,94,18,487905
2020-08-13T14:36:58.890061,94,18,487946
2020-08-13T15:16:39.386631,94,18,488041
2020-08-13T15:36:57.137860,94,18,488106
2020-08-13T16:17:32.171031,94,18,488215
2020-08-13T16:36:46.981872,94,18,488258
2020-08-13T17:16:37.912772,94,18,488353
2020-08-13T17:36:43.645624,94,18,488401
2020-08-13T18:17:44.603261,94,18,488506
2020-08-13T18:36:59.342735,94,18,488565
2020-08-13T19:15:43.708534,94,18,488685
2020-08-13T19:36:50.611969,94,18,488731
2020-08-13T20:18:21.416083,94,18,488850
2020-08-13T20:37:01.434346,94,18,488906
2020-08-13T21:15:58.223942,94,18,489024
2020-08-13T21:37:08.637796,94,18,489093
2020-08-13T22:16:29.287477,94,18,489161
2020-08-13T22:36:43.321975,94,18,489186
2020-08-13T23:15:37.640415,94,18,489229
2020-08-13T23:36:48.098311,94,18,489242
2020-08-14T00:46:04.675103,94,18,489276
2020-08-14T01:15:28.540601,94,18,489289
2020-08-14T01:36:51.755292,94,18,489295
2020-08-14T02:18:53.008166,94,18,489304
2020-08-14T02:37:01.069708,94,18,489310
2020-08-14T03:16:51.283348,94,18,489317
2020-08-14T03:37:04.290181,94,18,489320
2020-08-14T04:17:59.593103,94,18,489343
2020-08-14T04:37:09.044616,94,18,489352
2020-08-14T05:16:37.782139,94,18,489392
2020-08-14T05:36:50.961100,94,18,489428
2020-08-14T06:18:48.452942,94,18,489496
2020-08-14T06:36:53.567093,94,18,489527
2020-08-14T07:16:49.407871,94,18,489625
2020-08-14T07:36:59.121236,94,18,489675
2020-08-14T08:19:02.171617,94,18,489792
2020-08-14T08:36:47.095011,94,18,489842
2020-08-14T09:16:40.178868,94,18,489949
2020-08-14T09:36:47.567393,94,18,490000
2020-08-14T10:16:49.476000,94,18,490127
2020-08-14T10:37:00.652106,94,18,490160
2020-08-14T11:15:52.682406,94,18,490260
2020-08-14T11:37:34.759521,94,18,490308
2020-08-14T12:24:00.466245,94,18,490452
2020-08-14T12:36:47.940169,94,18,490494
2020-08-14T13:16:05.966169,94,18,490608
2020-08-14T13:36:51.199228,94,18,490674
2020-08-14T14:17:51.468928,94,18,490780
2020-08-14T14:36:55.028888,94,18,490836
2020-08-14T15:16:44.843218,94,18,490916
2020-08-14T15:36:45.088045,94,18,490956
2020-08-14T16:17:48.518969,94,18,491047
2020-08-14T16:37:04.752024,94,18,491094
2020-08-14T17:16:36.334867,94,18,491175
2020-08-14T17:36:49.001917,94,18,491222
2020-08-14T18:18:02.634901,94,18,491335
2020-08-14T18:36:50.003805,94,18,491396
2020-08-14T19:16:13.886266,94,18,491497
2020-08-14T19:36:53.748502,94,18,491541
2020-08-14T20:18:31.596025,94,18,491655
2020-08-14T20:36:52.993692,94,18,491706
2020-08-14T21:16:24.404851,94,18,491831
2020-08-14T21:36:47.153305,94,18,491900
2020-08-14T22:16:31.726242,94,18,491982
2020-08-14T22:36:49.081847,94,18,492014
2020-08-14T23:16:08.020418,94,18,492050
2020-08-14T23:36:47.284657,94,18,492065
2020-08-15T00:45:48.109422,94,18,492094
2020-08-15T01:18:22.104314,94,18,492103
2020-08-15T01:36:57.612485,94,18,492107
2020-08-15T02:18:36.060401,94,18,492112
2020-08-15T02:37:12.948113,94,18,492118
2020-08-15T03:16:35.588715,94,18,492127
2020-08-15T03:36:45.438493,94,18,492132
2020-08-15T04:17:41.736084,94,18,492143
2020-08-15T04:36:50.367101,94,18,492150
2020-08-15T05:16:16.802828,94,18,492166
2020-08-15T05:36:58.556308,94,18,492187
2020-08-15T06:18:21.289076,94,18,492256
2020-08-15T06:36:57.235810,94,18,492296
2020-08-15T07:16:50.506850,94,18,492398
2020-08-15T07:36:57.961372,94,18,492452
2020-08-15T08:17:58.585148,94,18,492580
2020-08-15T08:37:02.766554,94,18,492765
2020-08-15T09:16:27.485637,94,18,493120
2020-08-15T09:37:10.167241,94,18,493280
2020-08-15T10:17:01.095598,94,18,493508
2020-08-15T10:36:57.800634,94,18,493626
2020-08-15T11:16:02.551615,94,18,493814
2020-08-15T11:37:12.995591,94,18,493938
2020-08-15T12:21:11.889237,94,18,494178
2020-08-15T12:36:51.232846,94,18,494261
2020-08-15T13:15:47.455925,94,18,494455
2020-08-15T13:36:51.383224,94,18,494554
2020-08-15T14:17:45.214737,94,18,494742
2020-08-15T14:36:53.851111,94,18,494817
2020-08-15T15:16:20.042763,94,18,494948
2020-08-15T15:36:54.038168,94,18,495016
2020-08-15T16:17:27.665703,94,18,495145
2020-08-15T16:37:00.019157,94,18,495205
2020-08-15T17:16:25.407989,94,18,495351
2020-08-15T17:37:11.500906,94,18,495420
2020-08-15T18:17:58.604610,94,18,495522
2020-08-15T18:36:53.462872,94,18,495554
2020-08-15T19:15:59.600218,94,18,495643
2020-08-15T19:36:59.138880,94,18,495693
2020-08-15T20:18:38.441753,94,18,495826
2020-08-15T20:36:58.488941,94,18,495864
2020-08-15T21:16:09.083874,94,18,495969
2020-08-15T21:36:44.787182,94,18,496015
2020-08-15T22:16:08.807636,94,18,496107
2020-08-15T22:36:47.748181,94,18,496152
2020-08-15T23:15:40.354316,94,18,496196
2020-08-15T23:36:50.311826,94,18,496220
2020-08-16T00:48:12.826182,94,18,496263
2020-08-16T01:18:33.617966,94,18,496274
2020-08-16T01:36:44.056775,94,18,496278
2020-08-16T02:18:41.635563,94,18,496282
2020-08-16T02:36:48.788892,94,18,496283
2020-08-16T03:16:46.589831,94,18,496292
2020-08-16T03:36:49.163847,94,18,496296
2020-08-16T04:17:48.059499,94,18,496306
2020-08-16T04:36:56.762116,94,18,496315
2020-08-16T05:16:13.107707,94,18,496336
2020-08-16T05:36:57.400267,94,18,496358
2020-08-16T06:18:52.049651,94,18,496425
2020-08-16T06:37:05.364098,94,18,496465
2020-08-16T07:17:01.101549,94,18,496586
2020-08-16T07:37:03.920291,94,18,496648
2020-08-16T08:18:30.778140,94,18,496794
2020-08-16T08:37:09.648022,94,18,496888
2020-08-16T09:16:37.335605,94,18,497037
2020-08-16T09:36:42.708869,94,18,497118
2020-08-16T10:16:42.907890,94,18,497282
2020-08-16T10:36:48.270746,94,18,497362
2020-08-16T11:15:39.456495,94,18,497525
2020-08-16T11:36:47.538039,94,18,497607
2020-08-16T12:21:18.654365,94,18,497762
2020-08-16T12:36:52.154834,94,18,497822
2020-08-16T13:15:48.532097,94,18,497961
2020-08-16T13:36:55.450455,94,18,498047
2020-08-16T14:17:51.141554,94,18,498161
2020-08-16T14:37:03.781382,94,18,498202
2020-08-16T15:16:26.843003,94,18,498298
2020-08-16T15:37:02.790239,94,18,498351
2020-08-16T16:17:30.226090,94,18,498446
2020-08-16T16:36:55.895629,94,18,498506
2020-08-16T17:16:28.304557,94,18,498632
2020-08-16T17:37:08.860863,94,18,498683
2020-08-16T18:18:07.385019,94,18,498801
2020-08-16T18:36:41.562012,94,18,498853
2020-08-16T19:16:12.194039,94,18,498945
2020-08-16T19:36:49.633461,94,18,498984
2020-08-16T20:18:37.216353,94,18,499076
2020-08-16T20:36:51.891084,94,18,499124
2020-08-16T21:16:17.940817,94,18,499208
2020-08-16T21:36:58.536805,94,18,499255
2020-08-16T22:16:15.431143,94,18,499341
2020-08-16T22:36:55.610948,94,18,499377
2020-08-16T23:16:15.758972,94,18,499411
2020-08-16T23:37:01.624144,94,18,499430
2020-08-17T00:47:26.566302,94,18,499460
2020-08-17T01:18:44.046501,94,18,499468
2020-08-17T01:36:52.865518,94,18,499470
2020-08-17T02:18:48.300316,94,18,499478
2020-08-17T02:36:58.996820,94,18,499479
2020-08-17T03:17:06.614298,94,18,499487
2020-08-17T03:37:08.776895,94,18,499496
2020-08-17T04:18:26.680537,94,18,499509
2020-08-17T04:36:49.004379,94,18,499516
2020-08-17T05:16:35.057902,94,18,499545
2020-08-17T05:36:44.040696,94,18,499569
2020-08-17T06:19:11.526314,94,18,499634
2020-08-17T06:36:55.026900,94,18,499667
2020-08-17T07:17:19.131345,94,18,499880
2020-08-17T07:36:57.383926,94,18,500059
2020-08-17T08:18:57.886842,94,18,500335
2020-08-17T08:36:57.060073,94,18,500430
2020-08-17T09:17:14.569856,94,18,500973
2020-08-17T09:36:46.493986,94,18,501445
2020-08-17T10:17:30.817800,94,18,502336
2020-08-17T10:36:43.512338,94,18,502662
2020-08-17T11:16:16.969094,94,18,503446
2020-08-17T11:36:53.664876,94,18,504011
2020-08-17T12:21:55.725868,94,18,505151
2020-08-17T12:37:10.456680,94,18,505507
2020-08-17T13:16:36.716280,94,18,506447
2020-08-17T13:36:48.807865,94,18,507024
2020-08-17T14:18:24.497551,94,18,508008
2020-08-17T14:37:07.700270,94,18,508448
2020-08-17T15:17:19.198838,94,18,509261
2020-08-17T15:36:52.758294,94,18,509708
2020-08-17T16:18:05.943170,94,18,510611
2020-08-17T16:36:52.253429,94,18,511018
2020-08-17T17:16:41.730518,94,18,511751
2020-08-17T17:36:54.918891,94,18,512066
2020-08-17T18:18:41.291073,94,18,512863
2020-08-17T18:49:35.077461,94,18,513461
2020-08-17T19:16:21.717256,94,18,513963
2020-08-17T19:38:10.069970,94,18,514360
2020-08-17T20:18:59.034564,94,18,515103
2020-08-17T20:36:57.868417,94,18,515406
2020-08-17T21:16:29.562579,94,18,516053
2020-08-17T21:37:03.004166,94,18,516331
2020-08-17T22:16:31.615573,94,18,516750
2020-08-17T22:37:11.099366,94,18,516905
2020-08-17T23:16:09.340396,94,18,517092
2020-08-17T23:36:43.148689,94,18,517173
2020-08-18T00:45:33.542411,94,18,517328
2020-08-18T01:18:42.736309,94,18,517376
2020-08-18T01:36:54.617081,94,18,517398
2020-08-18T02:19:01.918711,94,18,517464
2020-08-18T02:37:04.992059,94,18,517491
2020-08-18T03:17:02.861484,94,18,517542
2020-08-18T03:38:22.601744,94,18,517579
2020-08-18T04:18:29.994683,94,18,517670
2020-08-18T04:36:45.042386,94,18,517734
2020-08-18T05:16:36.211694,94,18,517980
2020-08-18T05:36:47.489311,94,18,518171
2020-08-18T06:18:48.373028,94,18,518783
2020-08-18T06:36:58.377712,94,18,519068
2020-08-18T07:16:58.237697,94,18,519711
2020-08-18T07:36:45.386451,94,18,520075
2020-08-18T08:19:39.409414,94,18,520893
2020-08-18T08:36:51.938450,94,18,521255
2020-08-18T09:16:48.934675,94,18,522033
2020-08-18T09:37:02.954725,94,18,522362
2020-08-18T10:17:32.093709,94,18,523027
2020-08-18T10:36:45.076662,94,18,523347
2020-08-18T11:16:11.016279,94,18,524554
2020-08-18T11:36:48.913936,94,18,525129
2020-08-18T12:22:00.401682,94,18,526255
2020-08-18T12:37:03.646768,94,18,526558
2020-08-18T13:16:32.240733,94,18,527253
2020-08-18T13:36:47.430142,94,18,527573
2020-08-18T14:18:29.406773,94,18,528162
2020-08-18T14:36:58.027155,94,18,528413
2020-08-18T15:17:11.287834,94,18,528918
2020-08-18T15:36:48.775666,94,18,529133
2020-08-18T16:18:04.739823,94,18,529574
2020-08-18T16:36:45.287010,94,18,529812
2020-08-18T17:16:40.699065,94,18,530265
2020-08-18T17:36:47.935681,94,18,530491
2020-08-18T18:18:19.398898,94,18,530938
2020-08-18T18:36:45.822276,94,18,531087
2020-08-18T19:15:59.902159,94,18,531473
2020-08-18T19:37:00.625612,94,18,531676
2020-08-18T20:19:03.094596,94,18,532175
2020-08-18T20:37:45.158013,94,18,532371
2020-08-18T21:16:28.738226,94,18,532709
2020-08-18T21:36:41.388495,94,18,532901
2020-08-18T22:16:37.899455,94,18,533167
2020-08-18T22:36:45.791358,94,18,533254
2020-08-18T23:16:08.825067,94,18,533361
2020-08-18T23:36:50.017213,94,18,533409
2020-08-19T00:46:50.569311,94,18,533490
2020-08-19T01:19:00.338910,94,18,533505
2020-08-19T01:36:47.877231,94,18,533512
2020-08-19T02:19:12.428672,94,18,533532
2020-08-19T02:36:49.059110,94,18,533544
2020-08-19T03:17:13.434745,94,18,533575
2020-08-19T03:36:53.608481,94,18,533589
2020-08-19T04:18:17.583435,94,18,533636
2020-08-19T04:36:41.502259,94,18,533668
2020-08-19T05:17:34.359102,94,18,533788
2020-08-19T05:36:42.292443,94,18,533873
2020-08-19T06:22:10.891690,94,18,534210
2020-08-19T06:36:50.958168,94,18,534359
2020-08-19T07:17:24.225863,94,18,534792
2020-08-19T07:36:56.722648,94,18,534972
2020-08-19T08:19:13.647398,94,18,535351
2020-08-19T08:36:56.683798,94,18,535548
2020-08-19T09:17:01.186301,94,18,536371
2020-08-19T09:36:58.925231,94,18,536685
2020-08-19T10:17:22.044130,94,18,537305
2020-08-19T10:36:43.667651,94,18,537541
2020-08-19T11:16:17.482739,97,18,538010
2020-08-19T11:36:56.886899,97,18,538259
2020-08-19T12:22:06.633200,97,18,538809
2020-08-19T12:36:44.571232,97,18,538976
2020-08-19T13:16:44.359294,97,18,539437
2020-08-19T13:36:53.645573,97,18,539634
2020-08-19T14:18:50.769477,97,18,540017
2020-08-19T14:36:50.240659,97,18,540169
2020-08-19T15:17:15.607500,97,18,540477
2020-08-19T15:36:44.729102,97,18,540616
2020-08-19T16:18:22.988191,97,18,540875
2020-08-19T16:37:08.771472,97,18,541036
2020-08-19T17:16:34.256038,97,18,541331
2020-08-19T17:36:48.495829,97,18,541471
2020-08-19T18:19:08.784711,97,18,542198
2020-08-19T18:36:58.321315,97,18,542344
2020-08-19T19:13:37.786675,97,18,542598
2020-08-19T19:36:46.981405,97,18,542761
2020-08-19T20:19:00.812461,97,18,543072
2020-08-19T20:36:55.104286,97,18,543193
2020-08-19T21:16:50.736202,97,18,543428
2020-08-19T21:36:45.212236,97,18,543531
2020-08-19T22:16:49.388391,97,18,543714
2020-08-19T22:36:54.499829,97,18,543764
2020-08-19T23:16:29.851661,97,18,543842
2020-08-19T23:36:45.022459,97,18,543864
2020-08-20T00:47:04.872798,97,18,543964
2020-08-20T01:19:10.256540,97,18,543975
2020-08-20T01:36:52.686654,97,18,543983
2020-08-20T02:19:08.118854,97,18,543995
2020-08-20T02:36:50.808151,97,18,544009
2020-08-20T03:17:15.295569,97,18,544021
2020-08-20T03:36:46.676938,97,18,544030
2020-08-20T04:18:20.239712,97,18,544073
2020-08-20T04:36:56.857867,97,18,544098
2020-08-20T05:16:52.955274,97,18,544170
2020-08-20T05:36:59.345914,97,18,544229
2020-08-20T06:19:35.181020,97,18,544419
2020-08-20T06:36:43.376584,97,18,544527
2020-08-20T07:17:14.021376,97,18,544927
2020-08-20T07:36:58.878571,97,18,545136
2020-08-20T08:19:11.388049,97,18,545699
2020-08-20T08:36:47.095061,97,18,545919
2020-08-20T09:17:12.833453,97,18,546407
2020-08-20T09:37:03.320841,97,18,546609
2020-08-20T10:17:36.671707,97,18,547056
2020-08-20T10:36:47.277516,97,18,547293
2020-08-20T11:16:34.966685,97,18,550658
2020-08-20T11:36:46.236081,97,18,551102
2020-08-20T12:22:44.221933,97,18,551855
2020-08-20T12:36:55.020921,97,18,552031
2020-08-20T13:16:53.493990,97,18,552468
2020-08-20T13:37:13.238342,97,18,552671
2020-08-20T14:19:05.411360,97,18,553050
2020-08-20T14:36:51.885321,97,18,553199
2020-08-20T15:17:37.671914,97,18,553523
2020-08-20T15:36:43.681274,97,18,553680
2020-08-20T16:18:23.211333,97,18,554086
2020-08-20T16:36:54.493848,97,18,554276
2020-08-20T17:17:31.254018,97,18,554621
2020-08-20T17:36:43.108214,97,18,554774
2020-08-20T18:18:41.210357,97,18,556554
2020-08-20T18:36:55.226231,97,18,557004
2020-08-20T19:15:34.396205,97,18,557462
2020-08-20T19:36:48.504363,97,18,557675
2020-08-20T20:18:55.629836,97,18,558017
2020-08-20T20:36:58.981850,97,18,558178
2020-08-20T21:16:29.573757,97,18,558484
2020-08-20T21:36:54.723302,97,18,558620
2020-08-20T22:17:01.547782,97,18,558840
2020-08-20T22:36:43.784368,97,18,558901
2020-08-20T23:16:12.102072,97,18,558999
2020-08-20T23:36:49.371952,97,18,559037
2020-08-21T00:47:52.849951,97,18,559099
2020-08-21T01:19:08.349986,97,18,559119
2020-08-21T01:36:55.620247,97,18,559128
2020-08-21T02:19:19.858027,97,18,559147
2020-08-21T02:36:58.994770,97,18,559158
2020-08-21T03:17:52.006354,97,18,559191
2020-08-21T03:37:02.289028,97,18,559204
2020-08-21T04:18:30.314641,97,18,559239
2020-08-21T04:36:47.712715,97,18,559264
2020-08-21T05:17:02.745553,97,18,559397
2020-08-21T05:36:43.131609,97,18,559464
2020-08-21T06:19:15.568961,97,18,559773
2020-08-21T06:36:55.033402,97,18,559916
2020-08-21T07:18:27.192150,97,18,560311
2020-08-21T07:37:11.939952,97,18,560485
2020-08-21T08:20:04.731267,97,18,560970
2020-08-21T08:36:49.988705,97,18,561162
2020-08-21T09:17:12.619437,97,18,561517
2020-08-21T09:36:55.980688,97,18,561727
2020-08-21T10:17:55.553865,97,18,562058
2020-08-21T10:36:51.748235,97,18,562226
2020-08-21T11:16:34.655663,97,18,562587
2020-08-21T11:36:45.996672,97,18,562744
2020-08-21T12:24:53.853009,97,18,563119
2020-08-21T12:36:58.929586,97,18,563187
2020-08-21T13:16:57.203432,97,18,563407
2020-08-21T13:36:40.185083,97,18,563512
2020-08-21T14:18:42.093061,97,18,563721
2020-08-21T14:36:55.584668,97,18,563812
2020-08-21T15:17:23.040931,97,18,563994
2020-08-21T15:36:57.659003,97,18,564109
2020-08-21T16:18:14.830400,97,18,564283
2020-08-21T16:36:52.286968,97,18,564372
2020-08-21T17:16:53.137214,97,18,564547
2020-08-21T17:36:54.845396,97,18,564651
2020-08-21T18:18:42.940807,97,18,564837
2020-08-21T18:36:50.039668,97,18,564930
2020-08-21T19:16:09.910165,97,18,565096
2020-08-21T19:36:46.527080,97,18,565181
2020-08-21T20:19:27.851602,97,18,565368
2020-08-21T20:36:57.061578,97,18,565453
2020-08-21T21:16:39.243003,97,18,565598
2020-08-21T21:36:48.787439,97,18,565661
2020-08-21T22:16:56.074077,97,18,565761
2020-08-21T22:36:45.099014,97,18,565800
2020-08-21T23:16:39.297035,97,18,565851
2020-08-21T23:36:41.211293,97,18,565868
2020-08-22T00:47:43.442081,97,18,565912
2020-08-22T01:18:59.384432,97,18,565922
2020-08-22T01:36:45.672439,97,18,565934
2020-08-22T02:19:08.088603,97,18,565946
2020-08-22T02:36:49.318776,97,18,565949
2020-08-22T03:17:18.245671,97,18,565961
2020-08-22T03:36:56.858112,97,18,565968
2020-08-22T04:18:11.849555,97,18,565981
2020-08-22T04:36:49.569082,97,18,565991
2020-08-22T05:16:45.104596,97,18,566019
2020-08-22T05:36:51.404113,97,18,566040
2020-08-22T06:19:19.222558,97,18,566124
2020-08-22T06:37:01.459995,97,18,566188
2020-08-22T07:17:31.555985,97,18,566341
2020-08-22T07:37:03.297556,97,18,566421
2020-08-22T08:19:19.247419,97,18,566620
2020-08-22T08:37:08.281507,97,18,566684
2020-08-22T09:17:08.994927,97,18,566827
2020-08-22T09:36:45.227260,97,18,566900
2020-08-22T10:17:11.343698,97,18,567039
2020-08-22T10:36:51.786389,97,18,567114
2020-08-22T11:16:21.235818,97,18,567282
2020-08-22T11:36:54.410585,97,18,567360
2020-08-22T12:21:56.554040,97,18,567514
2020-08-22T12:36:55.844450,97,18,567570
2020-08-22T13:16:23.951753,97,18,567666
2020-08-22T13:38:08.941178,97,18,567729
2020-08-22T14:18:33.927821,97,18,567858
2020-08-22T14:36:54.795009,97,18,567917
2020-08-22T15:17:04.494446,97,18,568009
2020-08-22T15:36:54.062197,97,18,568051
2020-08-22T16:18:10.408571,97,18,568171
2020-08-22T16:36:45.035708,97,18,568215
2020-08-22T17:16:42.204651,97,18,568309
2020-08-22T17:36:49.947726,97,18,568359
2020-08-22T18:18:16.667572,97,18,568481
2020-08-22T18:36:58.908398,97,18,568580
2020-08-22T19:16:21.943804,97,18,569033
2020-08-22T19:37:04.519381,97,18,569114
2020-08-22T20:18:56.950480,97,18,569276
2020-08-22T20:37:07.138716,97,18,569345
2020-08-22T21:16:31.591173,97,18,569484
2020-08-22T21:36:45.774829,97,18,569545
2020-08-22T22:17:04.704564,97,18,569637
2020-08-22T22:36:42.230179,97,18,569669
2020-08-22T23:16:41.932901,97,18,569717
2020-08-22T23:36:51.773860,97,18,569730
2020-08-23T00:49:43.319506,97,18,569771
2020-08-23T01:18:36.886397,97,18,569779
2020-08-23T01:36:46.686506,97,18,569782
2020-08-23T02:19:22.150451,97,18,569795
2020-08-23T02:36:46.136641,97,18,569797
2020-08-23T03:17:13.186484,97,18,569806
2020-08-23T03:36:52.871454,97,18,569808
2020-08-23T04:18:25.474052,97,18,569817
2020-08-23T04:36:59.617874,97,18,569835
2020-08-23T05:16:48.095258,97,18,569858
2020-08-23T05:36:48.755922,97,18,569884
2020-08-23T06:19:30.236972,97,18,569947
2020-08-23T06:36:56.394339,97,18,569995
2020-08-23T07:17:44.323471,97,18,570112
2020-08-23T07:36:47.646536,97,18,570175
2020-08-23T08:18:40.583177,97,18,570329
2020-08-23T08:36:45.766936,97,18,570389
2020-08-23T09:17:06.597142,97,18,570858
2020-08-23T09:36:50.732797,97,18,571040
2020-08-23T10:17:17.415346,97,18,571369
2020-08-23T10:36:53.742550,97,18,571491
2020-08-23T11:16:24.890000,97,18,571702
2020-08-23T11:36:56.192630,97,18,571818
2020-08-23T12:22:05.416394,97,18,572045
2020-08-23T12:36:44.423847,97,18,572114
2020-08-23T13:16:34.614310,97,18,572287
2020-08-23T13:37:00.906953,97,18,572378
2020-08-23T14:18:07.863030,97,18,572542
2020-08-23T14:36:48.180356,97,18,572594
2020-08-23T15:17:07.974046,97,18,572748
2020-08-23T15:36:48.954488,97,18,572819
2020-08-23T16:18:16.176464,97,18,572962
2020-08-23T16:36:55.739334,97,18,573012
2020-08-23T17:16:52.750361,97,18,573146
